Run,annual_income,Assay Type,AvgSpotLen,barcode (exp),Bases,BioProject,BioSample,Bytes,center_name (exp),Center Name,center_project_name (exp),cesd_total_categorical,cesd_total_score,chemotherapy,collection_timestamp,Consent,consumes_etoh,DATASTORE filetype,DATASTORE provider,DATASTORE region,date_dx,elevation,employment_status,empo_1,empo_2,empo_3,empo_4,ENA-FIRST-PUBLIC (run),ENA-FIRST-PUBLIC,ENA-LAST-UPDATE (run),ENA-LAST-UPDATE,env_biome,env_feature,env_material,Env_package,Experiment,external_id,fact_c_ab_total,fact_c_r_com_total,fact_c_r_imp_total_categorical,fact_c_r_imp_total,fact_c_r_qol_total,fact_c_total,gender,host_age,host_age_units,host_body_habitat,host_body_mass_index,host_body_product,host_body_site,host_common_name,host_height,host_height_units,host_scientific_name,host_subject_id,host_taxid,host_weight,host_weight_units,INSDC_center_alias,INSDC_center_name,INSDC_first_public,INSDC_last_update,INSDC_status,Instrument,Latitude,Library Name,LibraryLayout,LibrarySelection,LibrarySource,linker (exp),longitude,Organism,other_treatment,participant_num,pcr_primers (exp),physical_specimen_location,plate_sample_id,plate_well_id (exp),Platform,previous_dx,primer (exp),promis_rawscore,promis_tscore_categorical,promis_tscore_total,Race_Ethnicity,Radiation,relationship_status,ReleaseDate,create_date,version,Sample Name,Sample_name,sample_type,sequencing_method (exp),sex,smoke_amount,smoke_paxperday,smoke_status,SRA Study,stress_scale_total_categorical,stress_scale_total,study,Submitter_Id,surgery,target_gene (exp),target_subfragment (exp),time_collected,time_since_last_chemo,type_dx,years_edu,living_situation,etoh_amount,type_previous_dx
ERR9923116,"$76,000-$100,000",AMPLICON,301,TAGACCGACTCC,5529671,PRJEB54599,SAMEA110279487,2714030,University of ColoradoBoulder BioFrontiers Institute,UNIVERSITY OF CALIFORNIA SAN DIEGO MICROBIOME INIT,CU Denver BC Microbiome,depressive symptomatology,16,Breast Cancer,2018-10-02,public,Y,"fastq,run.zq,sra","gs,ncbi,s3","gs.us-east1,ncbi.public,s3.us-east-1",3/19/18,1609,Employed full-time (including self-employed),Host-associated,Host-associated (non-saline),Animal (non-saline),Animal distal gut (non-saline),2022-07-08,2022-07-08,2022-07-08,2022-07-08,urban biome,human-associated habitat,feces,human-gut,ERX9466809,SAMEA110279487,23,0,No Cognitive Impairment,72,15,126,female,35,years,UBERON:feces,not collected,UBERON:feces,UBERON:feces,human,not collected,cm,Homo sapiens,1,9606,not collected,kg,UCSDMI,University of California San Diego Microbiome Initiative,2022-07-08T00:19:22Z,2022-07-08T00:19:22Z,public,Illumina MiSeq,40.1,14669.1,SINGLE,PCR,METAGENOMIC,AA,-105.2,human gut metagenome,N,1001,R1:GTGCCAGCMGCCGCGGTAA; R2:GGACTACHVGGGTWTCTAAT,CU Boulder,1001-S1,A1,ILLUMINA,N,GTGCCAGCMGCCGCGGTAA,56,Moderate Anxiety,60.3,White (not of Hispanic origin),Y,Committed relationship (partner opposite sex),2022-07-13T00:00:00Z,2022-07-30T12:37:00Z,1,SAMEA110279487,qiita_sid_14669:14669.1,feces,Sequencing by synthesis,female,not applicable,not applicable,N,ERP139431,Low Stress,13,CU Denver BC Microbiome,qiita_sid_14669:14669.1,Y,16S rRNA,V4,not provided,42,Breast,College - 16,I live with my spouse or partner,Weekly,
ERR9923117,"$100,000+",AMPLICON,301,TTCCCACCCATT,52333967,PRJEB54599,SAMEA110279488,25974888,University of ColoradoBoulder BioFrontiers Institute,UNIVERSITY OF CALIFORNIA SAN DIEGO MICROBIOME INIT,CU Denver BC Microbiome,no depression,2,Healthy Control,2019-02-10,public,Y,"fastq,run.zq,sra","gs,ncbi,s3","gs.us-east1,ncbi.public,s3.us-east-1",not applicable,1609,Employed full-time (including self-employed),Host-associated,Host-associated (non-saline),Animal (non-saline),Animal distal gut (non-saline),2022-07-08,2022-07-08,2022-07-08,2022-07-08,urban biome,human-associated habitat,feces,human-gut,ERX9466810,SAMEA110279488,34,0,No Cognitive Impairment,74,16,140,female,58,years,UBERON:feces,not collected,UBERON:feces,UBERON:feces,human,not collected,cm,Homo sapiens,10,9606,not collected,kg,UCSDMI,University of California San Diego Microbiome Initiative,2022-07-08T00:19:22Z,2022-07-08T00:19:22Z,public,Illumina MiSeq,40.1,14669.10,SINGLE,PCR,METAGENOMIC,AA,-105.2,human gut metagenome,N,1009,R1:GTGCCAGCMGCCGCGGTAA; R2:GGACTACHVGGGTWTCTAAT,CU Boulder,1009 - S1,B2,ILLUMINA,N,GTGCCAGCMGCCGCGGTAA,31,WNL,48.8,White (not of Hispanic origin),N,Married,2022-07-13T00:00:00Z,2022-07-30T12:39:00Z,1,SAMEA110279488,qiita_sid_14669:14669.10,feces,Sequencing by synthesis,female,not applicable,not applicable,N,ERP139431,Low Stress,7,CU Denver BC Microbiome,qiita_sid_14669:14669.10,N,16S rRNA,V4,not provided,not applicable,not applicable,Post-Graduate 18+,I live with my spouse or partner,Occasionally,
ERR9923118,"$51,000-$75,000",AMPLICON,301,GGTCCTTCCCGA,58589048,PRJEB54599,SAMEA110279489,28878464,University of ColoradoBoulder BioFrontiers Institute,UNIVERSITY OF CALIFORNIA SAN DIEGO MICROBIOME INIT,CU Denver BC Microbiome,no depression,3,Healthy Control,2018-12-14,public,N,"fastq,run.zq,sra","gs,ncbi,s3","gs.us-east1,ncbi.public,s3.us-east-1",not applicable,1609,Employed full-time (including self-employed),Host-associated,Host-associated (non-saline),Animal (non-saline),Animal distal gut (non-saline),2022-07-08,2022-07-08,2022-07-08,2022-07-08,urban biome,human-associated habitat,feces,human-gut,ERX9466811,SAMEA110279489,19,0,Cognitive Impairment,52,10,97,female,32,years,UBERON:feces,not collected,UBERON:feces,UBERON:feces,human,not collected,cm,Homo sapiens,12,9606,not collected,kg,UCSDMI,University of California San Diego Microbiome Initiative,2022-07-08T00:19:22Z,2022-07-08T00:19:22Z,public,Illumina MiSeq,40.1,14669.12,SINGLE,PCR,METAGENOMIC,AA,-105.2,human gut metagenome,N,1010,R1:GTGCCAGCMGCCGCGGTAA; R2:GGACTACHVGGGTWTCTAAT,CU Boulder,1010-S1,D2,ILLUMINA,N,GTGCCAGCMGCCGCGGTAA,37,WNL,51.6,White (not of Hispanic origin),N,Committed relationship (partner opposite sex),2022-07-13T00:00:00Z,2022-07-30T12:39:00Z,1,SAMEA110279489,qiita_sid_14669:14669.12,feces,Sequencing by synthesis,female,not applicable,not applicable,N,ERP139431,Low Stress,11,CU Denver BC Microbiome,qiita_sid_14669:14669.12,N,16S rRNA,V4,not provided,not applicable,not applicable,Post-Graduate 18+,I live alone.,,
ERR9923119,"$100,000+",AMPLICON,301,TTCCGAATCGGC,76370322,PRJEB54599,SAMEA110279490,37613919,University of ColoradoBoulder BioFrontiers Institute,UNIVERSITY OF CALIFORNIA SAN DIEGO MICROBIOME INIT,CU Denver BC Microbiome,no depression,0,Breast Cancer,2019-07-09,public,N,"fastq,run.zq,sra","gs,ncbi,s3","gs.us-east1,ncbi.public,s3.us-east-1",5/15/18,1609,Employed full-time (including self-employed),Host-associated,Host-associated (non-saline),Animal (non-saline),Animal distal gut (non-saline),2022-07-08,2022-07-08,2022-07-08,2022-07-08,urban biome,human-associated habitat,feces,human-gut,ERX9466812,SAMEA110279490,21,1,Cognitive Impairment,58,10,104,female,36,years,UBERON:feces,not collected,UBERON:feces,UBERON:feces,human,not collected,cm,Homo sapiens,14,9606,not collected,kg,UCSDMI,University of California San Diego Microbiome Initiative,2022-07-08T00:19:22Z,2022-07-08T00:19:22Z,public,Illumina MiSeq,40.1,14669.14,SINGLE,PCR,METAGENOMIC,AA,-105.2,human gut metagenome,Y,1011,R1:GTGCCAGCMGCCGCGGTAA; R2:GGACTACHVGGGTWTCTAAT,CU Boulder,1011,F2,ILLUMINA,N,GTGCCAGCMGCCGCGGTAA,30,WNL,48.4,White (not of Hispanic origin),N,Married,2022-07-13T00:00:00Z,2022-07-30T12:39:00Z,1,SAMEA110279490,qiita_sid_14669:14669.14,feces,Sequencing by synthesis,female,not applicable,not applicable,N,ERP139431,Low Stress,11,CU Denver BC Microbiome,qiita_sid_14669:14669.14,Y,16S rRNA,V4,11:00 AM,27,breast,Post-Graduate 18+,I live with my spouse or partner,,
ERR9923120,"$76,000-$100,000",AMPLICON,301,GCATGTCGAAAT,85812993,PRJEB54599,SAMEA110279491,42265547,University of ColoradoBoulder BioFrontiers Institute,UNIVERSITY OF CALIFORNIA SAN DIEGO MICROBIOME INIT,CU Denver BC Microbiome,no depression,7,Healthy Control,2019-01-01,public,Y,"fastq,run.zq,sra","gs,ncbi,s3","gs.us-east1,ncbi.public,s3.us-east-1",not applicable,1609,Employed full-time (including self-employed),Host-associated,Host-associated (non-saline),Animal (non-saline),Animal distal gut (non-saline),2022-07-08,2022-07-08,2022-07-08,2022-07-08,urban biome,human-associated habitat,feces,human-gut,ERX9466813,SAMEA110279491,33,1,No Cognitive Impairment,73,16,137,female,31,years,UBERON:feces,not collected,UBERON:feces,UBERON:feces,human,not collected,cm,Homo sapiens,15,9606,not collected,kg,UCSDMI,University of California San Diego Microbiome Initiative,2022-07-08T00:19:22Z,2022-07-08T00:19:22Z,public,Illumina MiSeq,40.1,14669.15,SINGLE,PCR,METAGENOMIC,AA,-105.2,human gut metagenome,N,1012,R1:GTGCCAGCMGCCGCGGTAA; R2:GGACTACHVGGGTWTCTAAT,CU Boulder,1012-S1,G2,ILLUMINA,N,GTGCCAGCMGCCGCGGTAA,29,WNL,46.2,White (not of Hispanic origin),N,Married,2022-07-13T00:00:00Z,2022-07-30T12:39:00Z,1,SAMEA110279491,qiita_sid_14669:14669.15,feces,Sequencing by synthesis,female,not applicable,not applicable,N,ERP139431,Moderate Stress,15,CU Denver BC Microbiome,qiita_sid_14669:14669.15,N,16S rRNA,V4,not provided,not applicable,not applicable,Post-Graduate 18+,I live with my spouse or partner,Occasionally,
ERR9923121,"$76,000-$100,000",AMPLICON,301,GAAGATCTATCG,24380699,PRJEB54599,SAMEA110279492,11882606,University of ColoradoBoulder BioFrontiers Institute,UNIVERSITY OF CALIFORNIA SAN DIEGO MICROBIOME INIT,CU Denver BC Microbiome,no depression,13,Breast Cancer,2019-01-09,public,Y,"fastq,run.zq,sra","gs,ncbi,s3","gs.us-east1,ncbi.public,s3.us-east-1",11/30/17,1609,Employed full-time (including self-employed),Host-associated,Host-associated (non-saline),Animal (non-saline),Animal distal gut (non-saline),2022-07-08,2022-07-08,2022-07-08,2022-07-08,urban biome,human-associated habitat,feces,human-gut,ERX9466814,SAMEA110279492,27,0,No Cognitive Impairment,69,16,128,female,42,years,UBERON:feces,not collected,UBERON:feces,UBERON:feces,human,not collected,cm,Homo sapiens,17,9606,not collected,kg,UCSDMI,University of California San Diego Microbiome Initiative,2022-07-08T00:19:22Z,2022-07-08T00:19:22Z,public,Illumina MiSeq,40.1,14669.17,SINGLE,PCR,METAGENOMIC,AA,-105.2,human gut metagenome,N,1013,R1:GTGCCAGCMGCCGCGGTAA; R2:GGACTACHVGGGTWTCTAAT,CU Boulder,1013 - S1,A3,ILLUMINA,N,GTGCCAGCMGCCGCGGTAA,38,WNL,51.9,White (not of Hispanic origin),Y,Married,2022-07-13T00:00:00Z,2022-07-30T12:38:00Z,1,SAMEA110279492,qiita_sid_14669:14669.17,feces,Sequencing by synthesis,female,not applicable,not applicable,N,ERP139431,Low Stress,11,CU Denver BC Microbiome,qiita_sid_14669:14669.17,Y,16S rRNA,V4,10:40 AM,0,breast,Associate Degree,I live with my spouse or partner,Weekly,
ERR9923122,"$26,000-$50,000",AMPLICON,301,CACTAGACCCAC,50949367,PRJEB54599,SAMEA110279493,25554393,University of ColoradoBoulder BioFrontiers Institute,UNIVERSITY OF CALIFORNIA SAN DIEGO MICROBIOME INIT,CU Denver BC Microbiome,no depression,0,Healthy Control,2019-01-24,public,Y,"fastq,run.zq,sra","gs,ncbi,s3","gs.us-east1,ncbi.public,s3.us-east-1",not applicable,1609,Employed full-time (including self-employed),Host-associated,Host-associated (non-saline),Animal (non-saline),Animal distal gut (non-saline),2022-07-08,2022-07-08,2022-07-08,2022-07-08,urban biome,human-associated habitat,feces,human-gut,ERX9466815,SAMEA110279493,36,0,No Cognitive Impairment,75,16,143,female,33,years,UBERON:feces,not collected,UBERON:feces,UBERON:feces,human,not collected,cm,Homo sapiens,19,9606,not collected,kg,UCSDMI,University of California San Diego Microbiome Initiative,2022-07-08T00:19:22Z,2022-07-08T00:19:22Z,public,Illumina MiSeq,40.1,14669.19,SINGLE,PCR,METAGENOMIC,AA,-105.2,human gut metagenome,N,1015,R1:GTGCCAGCMGCCGCGGTAA; R2:GGACTACHVGGGTWTCTAAT,CU Boulder,1015-S1,C3,ILLUMINA,N,GTGCCAGCMGCCGCGGTAA,22,WNL,33.5,Hispanic (Mexican,N,Married,2022-07-13T00:00:00Z,2022-07-30T12:39:00Z,1,SAMEA110279493,qiita_sid_14669:14669.19,feces,Sequencing by synthesis,female,not applicable,not applicable,N,ERP139431,Low Stress,3,CU Denver BC Microbiome,qiita_sid_14669:14669.19,N,16S rRNA,V4,6:00 AM,not applicable,not applicable,College - 16,I live with my spouse or partner,Occasionally,
ERR9923123,"$100,000+",AMPLICON,301,AGTTATTCTAGT,80288439,PRJEB54599,SAMEA110279494,40014547,University of ColoradoBoulder BioFrontiers Institute,UNIVERSITY OF CALIFORNIA SAN DIEGO MICROBIOME INIT,CU Denver BC Microbiome,depressive symptomatology,18,Breast Cancer,2019-03-27,public,Y,"fastq,run.zq,sra","gs,ncbi,s3","gs.us-east1,ncbi.public,s3.us-east-1",6/4/18,1609,Employed full-time (including self-employed),Host-associated,Host-associated (non-saline),Animal (non-saline),Animal distal gut (non-saline),2022-07-08,2022-07-08,2022-07-08,2022-07-08,urban biome,human-associated habitat,feces,human-gut,ERX9466816,SAMEA110279494,23,1,Cognitive Impairment,53,11,102,female,63,years,UBERON:feces,not collected,UBERON:feces,UBERON:feces,human,not collected,cm,Homo sapiens,21,9606,not collected,kg,UCSDMI,University of California San Diego Microbiome Initiative,2022-07-08T00:19:22Z,2022-07-08T00:19:22Z,public,Illumina MiSeq,40.1,14669.21,SINGLE,PCR,METAGENOMIC,AA,-105.2,human gut metagenome,N,1017,R1:GTGCCAGCMGCCGCGGTAA; R2:GGACTACHVGGGTWTCTAAT,CU Boulder,1017,E3,ILLUMINA,N,GTGCCAGCMGCCGCGGTAA,39,WNL,52.4,White (not of Hispanic origin),Y,Married,2022-07-13T00:00:00Z,2022-07-30T12:39:00Z,1,SAMEA110279494,qiita_sid_14669:14669.21,feces,Sequencing by synthesis,female,not applicable,not applicable,N,ERP139431,Moderate Stress,17,CU Denver BC Microbiome,qiita_sid_14669:14669.21,Y,16S rRNA,V4,7:00 AM,9,breast,College - 16,I live with my spouse or partner,Weekly,
ERR9923124,"$76,000-$100,000",AMPLICON,301,CACATTCTATAA,74247068,PRJEB54599,SAMEA110279495,35763009,University of ColoradoBoulder BioFrontiers Institute,UNIVERSITY OF CALIFORNIA SAN DIEGO MICROBIOME INIT,CU Denver BC Microbiome,depressive symptomatology,19,Breast Cancer,2019-03-29,public,Y,"fastq,run.zq,sra","gs,ncbi,s3","gs.us-east1,ncbi.public,s3.us-east-1",9/22/18,1609,Employed part-time (including self-employed),Host-associated,Host-associated (non-saline),Animal (non-saline),Animal distal gut (non-saline),2022-07-08,2022-07-08,2022-07-08,2022-07-08,urban biome,human-associated habitat,feces,human-gut,ERX9466817,SAMEA110279495,20,0,Cognitive Impairment,48,10,94,female,57,years,UBERON:feces,not collected,UBERON:feces,UBERON:feces,human,not collected,cm,Homo sapiens,22,9606,not collected,kg,UCSDMI,University of California San Diego Microbiome Initiative,2022-07-08T00:19:22Z,2022-07-08T00:19:22Z,public,Illumina MiSeq,40.1,14669.22,SINGLE,PCR,METAGENOMIC,AA,-105.2,human gut metagenome,N,1018,R1:GTGCCAGCMGCCGCGGTAA; R2:GGACTACHVGGGTWTCTAAT,CU Boulder,1018,F3,ILLUMINA,Y,GTGCCAGCMGCCGCGGTAA,66,Moderate Anxiety,63,White (not of Hispanic origin),N,Divorced,2022-07-13T00:00:00Z,2022-07-30T12:39:00Z,1,SAMEA110279495,qiita_sid_14669:14669.22,feces,Sequencing by synthesis,female,5,0,Y,ERP139431,Moderate Stress,22,CU Denver BC Microbiome,qiita_sid_14669:14669.22,N,16S rRNA,V4,not provided,8,not provided,College - 16,I live with my spouse or partner,Occasionally,Cancer
ERR9923125,"$26,000-$50,000",AMPLICON,301,GCGTTAACCCAA,92445829,PRJEB54599,SAMEA110279496,44115622,University of ColoradoBoulder BioFrontiers Institute,UNIVERSITY OF CALIFORNIA SAN DIEGO MICROBIOME INIT,CU Denver BC Microbiome,no depression,10,Breast Cancer,2019-03-11,public,N,"fastq,run.zq,sra","gs,ncbi,s3","gs.us-east1,ncbi.public,s3.us-east-1",2/12/18,1609,Retired,Host-associated,Host-associated (non-saline),Animal (non-saline),Animal distal gut (non-saline),2022-07-08,2022-07-08,2022-07-08,2022-07-08,urban biome,human-associated habitat,feces,human-gut,ERX9466818,SAMEA110279496,15,0,Cognitive Impairment,46,14,91,female,60,years,UBERON:feces,not collected,UBERON:feces,UBERON:feces,human,not collected,cm,Homo sapiens,23,9606,not collected,kg,UCSDMI,University of California San Diego Microbiome Initiative,2022-07-08T00:19:22Z,2022-07-08T00:19:22Z,public,Illumina MiSeq,40.1,14669.23,SINGLE,PCR,METAGENOMIC,AA,-105.2,human gut metagenome,N,1020,R1:GTGCCAGCMGCCGCGGTAA; R2:GGACTACHVGGGTWTCTAAT,CU Boulder,1020,G3,ILLUMINA,N,GTGCCAGCMGCCGCGGTAA,31,WNL,47.2,White (not of Hispanic origin),Y,Married,2022-07-13T00:00:00Z,2022-07-30T12:39:00Z,1,SAMEA110279496,qiita_sid_14669:14669.23,feces,Sequencing by synthesis,female,not applicable,not applicable,N,ERP139431,Low Stress,13,CU Denver BC Microbiome,qiita_sid_14669:14669.23,Y,16S rRNA,V4,8:55 AM,-1,breast,College - 14,I live with my spouse or partner,,
ERR9923126,"$100,000+",AMPLICON,301,TTCGACTAATAT,89361482,PRJEB54599,SAMEA110279497,43286170,University of ColoradoBoulder BioFrontiers Institute,UNIVERSITY OF CALIFORNIA SAN DIEGO MICROBIOME INIT,CU Denver BC Microbiome,no depression,12,Breast Cancer,not provided,public,Y,"fastq,run.zq,sra","gs,ncbi,s3","gs.us-east1,ncbi.public,s3.us-east-1",10/5/18,1609,Employed part-time (including self-employed),Host-associated,Host-associated (non-saline),Animal (non-saline),Animal distal gut (non-saline),2022-07-08,2022-07-08,2022-07-08,2022-07-08,urban biome,human-associated habitat,feces,human-gut,ERX9466819,SAMEA110279497,26,0,No Cognitive Impairment,66,15,123,female,52,years,UBERON:feces,not collected,UBERON:feces,UBERON:feces,human,not collected,cm,Homo sapiens,24,9606,not collected,kg,UCSDMI,University of California San Diego Microbiome Initiative,2022-07-08T00:19:22Z,2022-07-08T00:19:22Z,public,Illumina MiSeq,40.1,14669.24,SINGLE,PCR,METAGENOMIC,AA,-105.2,human gut metagenome,N,1025,R1:GTGCCAGCMGCCGCGGTAA; R2:GGACTACHVGGGTWTCTAAT,CU Boulder,1025,H3,ILLUMINA,N,GTGCCAGCMGCCGCGGTAA,27,WNL,44.2,White (not of Hispanic origin),Y,Committed relationship (partner opposite sex),2022-07-13T00:00:00Z,2022-07-30T12:39:00Z,1,SAMEA110279497,qiita_sid_14669:14669.24,feces,Sequencing by synthesis,female,not applicable,not applicable,N,ERP139431,Low Stress,6,CU Denver BC Microbiome,qiita_sid_14669:14669.24,Y,16S rRNA,V4,not provided,not applicable,Breast,Less than high school,I live with my spouse or partner,Occasionally,
ERR9923127,"$100,000+",AMPLICON,301,ATCGCCGCCTTG,19322394,PRJEB54599,SAMEA110279498,9500950,University of ColoradoBoulder BioFrontiers Institute,UNIVERSITY OF CALIFORNIA SAN DIEGO MICROBIOME INIT,CU Denver BC Microbiome,no depression,9,Breast Cancer,not provided,public,N,"fastq,run.zq,sra","gs,ncbi,s3","gs.us-east1,ncbi.public,s3.us-east-1",2/11/18,1609,Employed full-time (including self-employed),Host-associated,Host-associated (non-saline),Animal (non-saline),Animal distal gut (non-saline),2022-07-08,2022-07-08,2022-07-08,2022-07-08,urban biome,human-associated habitat,feces,human-gut,ERX9466820,SAMEA110279498,27,0,No Cognitive Impairment,61,1,105,female,51,years,UBERON:feces,not collected,UBERON:feces,UBERON:feces,human,not collected,cm,Homo sapiens,25,9606,not collected,kg,UCSDMI,University of California San Diego Microbiome Initiative,2022-07-08T00:19:22Z,2022-07-08T00:19:22Z,public,Illumina MiSeq,40.1,14669.25,SINGLE,PCR,METAGENOMIC,AA,-105.2,human gut metagenome,N,1026,R1:GTGCCAGCMGCCGCGGTAA; R2:GGACTACHVGGGTWTCTAAT,CU Boulder,1026,A4,ILLUMINA,N,GTGCCAGCMGCCGCGGTAA,30,WNL,46.9,White (not of Hispanic origin),Y,Married,2022-07-13T00:00:00Z,2022-07-30T12:39:00Z,1,SAMEA110279498,qiita_sid_14669:14669.25,feces,Sequencing by synthesis,female,not applicable,not applicable,N,ERP139431,Moderate Stress,18,CU Denver BC Microbiome,qiita_sid_14669:14669.25,Y,16S rRNA,V4,not provided,5,Breast,College - 16,I live with my spouse or partner,,
ERR9923128,"$76,000-$100,000",AMPLICON,301,AGCCAGTCATAC,58395505,PRJEB54599,SAMEA110279499,28835702,University of ColoradoBoulder BioFrontiers Institute,UNIVERSITY OF CALIFORNIA SAN DIEGO MICROBIOME INIT,CU Denver BC Microbiome,no depression,7,Healthy Control,not provided,public,Y,"fastq,run.zq,sra","gs,ncbi,s3","gs.us-east1,ncbi.public,s3.us-east-1",not applicable,1609,Employed full-time (including self-employed),Host-associated,Host-associated (non-saline),Animal (non-saline),Animal distal gut (non-saline),2022-07-08,2022-07-08,2022-07-08,2022-07-08,urban biome,human-associated habitat,feces,human-gut,ERX9466821,SAMEA110279499,33,0,No Cognitive Impairment,71,14,134,female,58,years,UBERON:feces,not collected,UBERON:feces,UBERON:feces,human,not collected,cm,Homo sapiens,26,9606,not collected,kg,UCSDMI,University of California San Diego Microbiome Initiative,2022-07-08T00:19:22Z,2022-07-08T00:19:22Z,public,Illumina MiSeq,40.1,14669.26,SINGLE,PCR,METAGENOMIC,AA,-105.2,human gut metagenome,N,1027,R1:GTGCCAGCMGCCGCGGTAA; R2:GGACTACHVGGGTWTCTAAT,CU Boulder,1027-S1,B4,ILLUMINA,N,GTGCCAGCMGCCGCGGTAA,30,WNL,47.4,White (not of Hispanic origin),N,Single (never married),2022-07-13T00:00:00Z,2022-07-30T12:39:00Z,1,SAMEA110279499,qiita_sid_14669:14669.26,feces,Sequencing by synthesis,female,not applicable,not applicable,N,ERP139431,Low Stress,10,CU Denver BC Microbiome,qiita_sid_14669:14669.26,N,16S rRNA,V4,not provided,not applicable,not applicable,Post-Graduate 18+,I live alone.,Weekly,
ERR9923129,"$100,000+",AMPLICON,301,TGGTTTCGAAGA,70363566,PRJEB54599,SAMEA110279500,34647046,University of ColoradoBoulder BioFrontiers Institute,UNIVERSITY OF CALIFORNIA SAN DIEGO MICROBIOME INIT,CU Denver BC Microbiome,depressive symptomatology,26,Breast Cancer,2019-05-31,public,Y,"fastq,run.zq,sra","gs,ncbi,s3","gs.us-east1,ncbi.public,s3.us-east-1",8/6/18,1609,Employed full-time (including self-employed),Host-associated,Host-associated (non-saline),Animal (non-saline),Animal distal gut (non-saline),2022-07-08,2022-07-08,2022-07-08,2022-07-08,urban biome,human-associated habitat,feces,human-gut,ERX9466822,SAMEA110279500,19,1,Cognitive Impairment,52,13,99,female,40,years,UBERON:feces,not collected,UBERON:feces,UBERON:feces,human,not collected,cm,Homo sapiens,28,9606,not collected,kg,UCSDMI,University of California San Diego Microbiome Initiative,2022-07-08T00:19:22Z,2022-07-08T00:19:22Z,public,Illumina MiSeq,40.1,14669.28,SINGLE,PCR,METAGENOMIC,AA,-105.2,human gut metagenome,N,1028,R1:GTGCCAGCMGCCGCGGTAA; R2:GGACTACHVGGGTWTCTAAT,CU Boulder,1028,D4,ILLUMINA,N,GTGCCAGCMGCCGCGGTAA,56,Moderate Anxiety,59.7,White (not of Hispanic origin),Y,Married,2022-07-13T00:00:00Z,2022-07-30T12:39:00Z,1,SAMEA110279500,qiita_sid_14669:14669.28,feces,Sequencing by synthesis,female,not applicable,not applicable,N,ERP139431,Low Stress,13,CU Denver BC Microbiome,qiita_sid_14669:14669.28,Y,16S rRNA,V4,7:30 AM,not applicable,Breast,College - 16,I live with my spouse or partner,Weekly,
ERR9923130,"$100,000+",AMPLICON,301,GTAGGTGCTTAC,82892691,PRJEB54599,SAMEA110279501,40859652,University of ColoradoBoulder BioFrontiers Institute,UNIVERSITY OF CALIFORNIA SAN DIEGO MICROBIOME INIT,CU Denver BC Microbiome,no depression,10,Breast Cancer,2019-09-21,public,N,"fastq,run.zq,sra","gs,ncbi,s3","gs.us-east1,ncbi.public,s3.us-east-1",12/1/18,1609,Retired,Host-associated,Host-associated (non-saline),Animal (non-saline),Animal distal gut (non-saline),2022-07-08,2022-07-08,2022-07-08,2022-07-08,urban biome,human-associated habitat,feces,human-gut,ERX9466823,SAMEA110279501,30,1,No Cognitive Impairment,66,12,123,female,64,years,UBERON:feces,not collected,UBERON:feces,UBERON:feces,human,not collected,cm,Homo sapiens,29,9606,not collected,kg,UCSDMI,University of California San Diego Microbiome Initiative,2022-07-08T00:19:23Z,2022-07-08T00:19:23Z,public,Illumina MiSeq,40.1,14669.29,SINGLE,PCR,METAGENOMIC,AA,-105.2,human gut metagenome,N,1030,R1:GTGCCAGCMGCCGCGGTAA; R2:GGACTACHVGGGTWTCTAAT,CU Boulder,1030,E4,ILLUMINA,N,GTGCCAGCMGCCGCGGTAA,40,WNL,53.5,White (not of Hispanic origin),N,Married,2022-07-13T00:00:00Z,2022-07-30T12:40:00Z,1,SAMEA110279501,qiita_sid_14669:14669.29,feces,Sequencing by synthesis,female,not applicable,not applicable,N,ERP139431,Moderate Stress,20,CU Denver BC Microbiome,qiita_sid_14669:14669.29,N,16S rRNA,V4,9:00 AM,7,Breast,Post-Graduate 18+,I live with my spouse or partner,,
ERR9923131,"$26,000-$50,000",AMPLICON,301,TCCGACCCGATC,40040826,PRJEB54599,SAMEA110279502,19201142,University of ColoradoBoulder BioFrontiers Institute,UNIVERSITY OF CALIFORNIA SAN DIEGO MICROBIOME INIT,CU Denver BC Microbiome,no depression,12,Healthy Control,2019-05-04,public,Y,"fastq,run.zq,sra","gs,ncbi,s3","gs.us-east1,ncbi.public,s3.us-east-1",not applicable,1609,Employed full-time (including self-employed),Host-associated,Host-associated (non-saline),Animal (non-saline),Animal distal gut (non-saline),2022-07-08,2022-07-08,2022-07-08,2022-07-08,urban biome,human-associated habitat,feces,human-gut,ERX9466824,SAMEA110279502,27,0,No Cognitive Impairment,67,16,126,female,24,years,UBERON:feces,not collected,UBERON:feces,UBERON:feces,human,not collected,cm,Homo sapiens,3,9606,not collected,kg,UCSDMI,University of California San Diego Microbiome Initiative,2022-07-08T00:19:23Z,2022-07-08T00:19:23Z,public,Illumina MiSeq,40.1,14669.3,SINGLE,PCR,METAGENOMIC,AA,-105.2,human gut metagenome,N,1005,R1:GTGCCAGCMGCCGCGGTAA; R2:GGACTACHVGGGTWTCTAAT,CU Boulder,1005,C1,ILLUMINA,N,GTGCCAGCMGCCGCGGTAA,40,WNL,53.2,White (not of Hispanic origin),N,Single (never married),2022-07-13T00:00:00Z,2022-07-30T12:39:00Z,1,SAMEA110279502,qiita_sid_14669:14669.3,feces,Sequencing by synthesis,female,not applicable,not applicable,N,ERP139431,Moderate Stress,17,CU Denver BC Microbiome,qiita_sid_14669:14669.3,N,16S rRNA,V4,7:20 AM,not applicable,not applicable,Less than high school,I live with roommate(s).,Occasionally,
ERR9923132,"$51,000-$75,000",AMPLICON,301,CGGCGATGAAAG,80550610,PRJEB54599,SAMEA110279503,40453645,University of ColoradoBoulder BioFrontiers Institute,UNIVERSITY OF CALIFORNIA SAN DIEGO MICROBIOME INIT,CU Denver BC Microbiome,no depression,9,Breast Cancer,2019-06-19,public,N,"fastq,run.zq,sra","gs,ncbi,s3","gs.us-east1,ncbi.public,s3.us-east-1",10/13/18,1609,Employed full-time (including self-employed),Host-associated,Host-associated (non-saline),Animal (non-saline),Animal distal gut (non-saline),2022-07-08,2022-07-08,2022-07-08,2022-07-08,urban biome,human-associated habitat,feces,human-gut,ERX9466825,SAMEA110279503,13,5,Cognitive Impairment,32,6,62,female,66,years,UBERON:feces,not collected,UBERON:feces,UBERON:feces,human,not collected,cm,Homo sapiens,30,9606,not collected,kg,UCSDMI,University of California San Diego Microbiome Initiative,2022-07-08T00:19:23Z,2022-07-08T00:19:23Z,public,Illumina MiSeq,40.1,14669.30,SINGLE,PCR,METAGENOMIC,AA,-105.2,human gut metagenome,N,1031,R1:GTGCCAGCMGCCGCGGTAA; R2:GGACTACHVGGGTWTCTAAT,CU Boulder,1031,F4,ILLUMINA,not provided,GTGCCAGCMGCCGCGGTAA,31,WNL,48.4,Hispanic (Mexican,N,Divorced,2022-07-13T00:00:00Z,2022-07-30T12:39:00Z,1,SAMEA110279503,qiita_sid_14669:14669.30,feces,Sequencing by synthesis,female,not applicable,not applicable,not provided,ERP139431,Moderate Stress,22,CU Denver BC Microbiome,qiita_sid_14669:14669.30,N,16S rRNA,V4,8:00 AM,10,Breast,High school - 12,,,
ERR9923133,"$51,000-$75,000",AMPLICON,301,GACCACTGCTGT,67779481,PRJEB54599,SAMEA110279504,33270150,University of ColoradoBoulder BioFrontiers Institute,UNIVERSITY OF CALIFORNIA SAN DIEGO MICROBIOME INIT,CU Denver BC Microbiome,depressive symptomatology,16,Breast Cancer,2019-06-12,public,Y,"fastq,run.zq,sra","gs,ncbi,s3","gs.us-east1,ncbi.public,s3.us-east-1",10/31/18,1609,Employed full-time (including self-employed),Host-associated,Host-associated (non-saline),Animal (non-saline),Animal distal gut (non-saline),2022-07-08,2022-07-08,2022-07-08,2022-07-08,urban biome,human-associated habitat,feces,human-gut,ERX9466826,SAMEA110279504,12,0,Cognitive Impairment,57,12,97,female,61,years,UBERON:feces,not collected,UBERON:feces,UBERON:feces,human,not collected,cm,Homo sapiens,31,9606,not collected,kg,UCSDMI,University of California San Diego Microbiome Initiative,2022-07-08T00:19:23Z,2022-07-08T00:19:23Z,public,Illumina MiSeq,40.1,14669.31,SINGLE,PCR,METAGENOMIC,AA,-105.2,human gut metagenome,N,1032,R1:GTGCCAGCMGCCGCGGTAA; R2:GGACTACHVGGGTWTCTAAT,CU Boulder,1032,G4,ILLUMINA,N,GTGCCAGCMGCCGCGGTAA,40,WNL,53.5,White (not of Hispanic origin),N,Single (never married),2022-07-13T00:00:00Z,2022-07-30T12:39:00Z,1,SAMEA110279504,qiita_sid_14669:14669.31,feces,Sequencing by synthesis,female,not applicable,not applicable,N,ERP139431,Moderate Stress,17,CU Denver BC Microbiome,qiita_sid_14669:14669.31,Y,16S rRNA,V4,2:03 PM,1,invasiveductalcarcinoma,Post-Graduate 18+,I live alone.,Occasionally,
ERR9923134,"$76,000-$100,000",AMPLICON,301,AATCATTTGTAA,72990092,PRJEB54599,SAMEA110279505,36270708,University of ColoradoBoulder BioFrontiers Institute,UNIVERSITY OF CALIFORNIA SAN DIEGO MICROBIOME INIT,CU Denver BC Microbiome,no depression,13,Breast Cancer,2019-07-08,public,Y,"fastq,run.zq,sra","gs,ncbi,s3","gs.us-east1,ncbi.public,s3.us-east-1",12/17/18,1609,Employed full-time (including self-employed),Host-associated,Host-associated (non-saline),Animal (non-saline),Animal distal gut (non-saline),2022-07-08,2022-07-08,2022-07-08,2022-07-08,urban biome,human-associated habitat,feces,human-gut,ERX9466827,SAMEA110279505,24,1,Cognitive Impairment,56,13,108,female,30,years,UBERON:feces,not collected,UBERON:feces,UBERON:feces,human,not collected,cm,Homo sapiens,32,9606,not collected,kg,UCSDMI,University of California San Diego Microbiome Initiative,2022-07-08T00:19:23Z,2022-07-08T00:19:23Z,public,Illumina MiSeq,40.1,14669.32,SINGLE,PCR,METAGENOMIC,AA,-105.2,human gut metagenome,N,1033,R1:GTGCCAGCMGCCGCGGTAA; R2:GGACTACHVGGGTWTCTAAT,CU Boulder,1033,H4,ILLUMINA,N,GTGCCAGCMGCCGCGGTAA,35,WNL,50.6,White (not of Hispanic origin),Y,Married,2022-07-13T00:00:00Z,2022-07-30T12:39:00Z,1,SAMEA110279505,qiita_sid_14669:14669.32,feces,Sequencing by synthesis,female,not applicable,not applicable,N,ERP139431,Low Stress,12,CU Denver BC Microbiome,qiita_sid_14669:14669.32,Y,16S rRNA,V4,8:00 AM,3,TNBC,College - 13,I live with my spouse or partner,Weekly,
ERR9923135,"$100,000+",AMPLICON,301,TAGTGTCGGATC,7560217,PRJEB54599,SAMEA110279506,3729814,University of ColoradoBoulder BioFrontiers Institute,UNIVERSITY OF CALIFORNIA SAN DIEGO MICROBIOME INIT,CU Denver BC Microbiome,no depression,12,Breast Cancer,2019-08-02,public,Y,"fastq,run.zq,sra","gs,ncbi,s3","gs.us-east1,ncbi.public,s3.us-east-1",12/2/18,1609,Employed part-time (including self-employed),Host-associated,Host-associated (non-saline),Animal (non-saline),Animal distal gut (non-saline),2022-07-08,2022-07-08,2022-07-08,2022-07-08,urban biome,human-associated habitat,feces,human-gut,ERX9466828,SAMEA110279506,28,4,Cognitive Impairment,57,12,109,female,67,years,UBERON:feces,not collected,UBERON:feces,UBERON:feces,human,not collected,cm,Homo sapiens,33,9606,not collected,kg,UCSDMI,University of California San Diego Microbiome Initiative,2022-07-08T00:19:23Z,2022-07-08T00:19:23Z,public,Illumina MiSeq,40.1,14669.33,SINGLE,PCR,METAGENOMIC,AA,-105.2,human gut metagenome,Y,1035,R1:GTGCCAGCMGCCGCGGTAA; R2:GGACTACHVGGGTWTCTAAT,CU Boulder,1035,A5,ILLUMINA,N,GTGCCAGCMGCCGCGGTAA,42,Mild Anxiety,54.3,White (not of Hispanic origin),Y,Married,2022-07-13T00:00:00Z,2022-07-30T12:38:00Z,1,SAMEA110279506,qiita_sid_14669:14669.33,feces,Sequencing by synthesis,female,not applicable,not applicable,N,ERP139431,Low Stress,11,CU Denver BC Microbiome,qiita_sid_14669:14669.33,Y,16S rRNA,V4,11:30 AM,5,Breast,Associate Degree,I live with my spouse or partner,Weekly,
ERR9923136,"$100,000+",AMPLICON,301,GTGTAATGTAGA,34106310,PRJEB54599,SAMEA110279507,16887194,University of ColoradoBoulder BioFrontiers Institute,UNIVERSITY OF CALIFORNIA SAN DIEGO MICROBIOME INIT,CU Denver BC Microbiome,no depression,2,Healthy Control,2019-08-12,public,Y,"fastq,run.zq,sra","gs,ncbi,s3","gs.us-east1,ncbi.public,s3.us-east-1",not applicable,1609,Employed part-time (including self-employed),Host-associated,Host-associated (non-saline),Animal (non-saline),Animal distal gut (non-saline),2022-07-08,2022-07-08,2022-07-08,2022-07-08,urban biome,human-associated habitat,feces,human-gut,ERX9466829,SAMEA110279507,30,0,No Cognitive Impairment,68,16,130,female,74,years,UBERON:feces,not collected,UBERON:feces,UBERON:feces,human,not collected,cm,Homo sapiens,34,9606,not collected,kg,UCSDMI,University of California San Diego Microbiome Initiative,2022-07-08T00:19:23Z,2022-07-08T00:19:23Z,public,Illumina MiSeq,40.1,14669.34,SINGLE,PCR,METAGENOMIC,AA,-105.2,human gut metagenome,N,1036,R1:GTGCCAGCMGCCGCGGTAA; R2:GGACTACHVGGGTWTCTAAT,CU Boulder,1036-S1,B5,ILLUMINA,N,GTGCCAGCMGCCGCGGTAA,33,WNL,49.2,White (not of Hispanic origin),N,Married,2022-07-13T00:00:00Z,2022-07-30T12:39:00Z,1,SAMEA110279507,qiita_sid_14669:14669.34,feces,Sequencing by synthesis,female,not applicable,not applicable,N,ERP139431,Low Stress,9,CU Denver BC Microbiome,qiita_sid_14669:14669.34,N,16S rRNA,V4,6:45 AM,not applicable,not applicable,Post-Graduate 18+,I live with my spouse or partner,Occasionally,
ERR9923137,"$26,000-$50,000",AMPLICON,301,CCGAAACGGAGC,13522425,PRJEB54599,SAMEA110279508,5901231,University of ColoradoBoulder BioFrontiers Institute,UNIVERSITY OF CALIFORNIA SAN DIEGO MICROBIOME INIT,CU Denver BC Microbiome,no depression,6,Healthy Control,2019-07-24,public,Y,"fastq,run.zq,sra","gs,ncbi,s3","gs.us-east1,ncbi.public,s3.us-east-1",not applicable,1609,Employed full-time (including self-employed),Host-associated,Host-associated (non-saline),Animal (non-saline),Animal distal gut (non-saline),2022-07-08,2022-07-08,2022-07-08,2022-07-08,urban biome,human-associated habitat,feces,human-gut,ERX9466830,SAMEA110279508,36,0,No Cognitive Impairment,74,16,142,female,25,years,UBERON:feces,not collected,UBERON:feces,UBERON:feces,human,not collected,cm,Homo sapiens,36,9606,not collected,kg,UCSDMI,University of California San Diego Microbiome Initiative,2022-07-08T00:19:23Z,2022-07-08T00:19:23Z,public,Illumina MiSeq,40.1,14669.36,SINGLE,PCR,METAGENOMIC,AA,-105.2,human gut metagenome,N,1037,R1:GTGCCAGCMGCCGCGGTAA; R2:GGACTACHVGGGTWTCTAAT,CU Boulder,1037-S1,D5,ILLUMINA,N,GTGCCAGCMGCCGCGGTAA,54,Moderate Anxiety,59.2,White (not of Hispanic origin),N,Single (never married),2022-07-13T00:00:00Z,2022-07-30T12:38:00Z,1,SAMEA110279508,qiita_sid_14669:14669.36,feces,Sequencing by synthesis,female,not applicable,not applicable,N,ERP139431,Moderate Stress,19,CU Denver BC Microbiome,qiita_sid_14669:14669.36,N,16S rRNA,V4,9:00 AM,not applicable,not applicable,Post-Graduate 18+,I live alone.,Occasionally,
ERR9923138,"$76,000-$100,000",AMPLICON,301,GTTGGGATCCTC,129794210,PRJEB54599,SAMEA110279509,63698805,University of ColoradoBoulder BioFrontiers Institute,UNIVERSITY OF CALIFORNIA SAN DIEGO MICROBIOME INIT,CU Denver BC Microbiome,no depression,5,Breast Cancer,2019-09-09,public,Y,"fastq,run.zq,sra","gs,ncbi,s3","gs.us-east1,ncbi.public,s3.us-east-1",2/4/19,1609,Employed full-time (including self-employed),Host-associated,Host-associated (non-saline),Animal (non-saline),Animal distal gut (non-saline),2022-07-08,2022-07-08,2022-07-08,2022-07-08,urban biome,human-associated habitat,feces,human-gut,ERX9466831,SAMEA110279509,27,0,Cognitive Impairment,54,12,109,female,59,years,UBERON:feces,not collected,UBERON:feces,UBERON:feces,human,not collected,cm,Homo sapiens,38,9606,not collected,kg,UCSDMI,University of California San Diego Microbiome Initiative,2022-07-08T00:19:23Z,2022-07-08T00:19:23Z,public,Illumina MiSeq,40.1,14669.38,SINGLE,PCR,METAGENOMIC,AA,-105.2,human gut metagenome,N,1039,R1:GTGCCAGCMGCCGCGGTAA; R2:GGACTACHVGGGTWTCTAAT,CU Boulder,1039,F5,ILLUMINA,N,GTGCCAGCMGCCGCGGTAA,38,WNL,52.3,White (not of Hispanic origin),N,Single (never married),2022-07-13T00:00:00Z,2022-07-30T12:39:00Z,1,SAMEA110279509,qiita_sid_14669:14669.38,feces,Sequencing by synthesis,female,not applicable,not applicable,N,ERP139431,Low Stress,13,CU Denver BC Microbiome,qiita_sid_14669:14669.38,N,16S rRNA,V4,4:34 PM,not applicable,Breast,Post-Graduate - 17,I live alone.,Occasionally,
ERR9923139,"$100,000+",AMPLICON,301,TTCACGCGCCCA,58784397,PRJEB54599,SAMEA110279510,27880571,University of ColoradoBoulder BioFrontiers Institute,UNIVERSITY OF CALIFORNIA SAN DIEGO MICROBIOME INIT,CU Denver BC Microbiome,no depression,10,Healthy Control,2020-01-26,public,Y,"fastq,run.zq,sra","gs,ncbi,s3","gs.us-east1,ncbi.public,s3.us-east-1",not applicable,1609,Employed full-time (including self-employed),Host-associated,Host-associated (non-saline),Animal (non-saline),Animal distal gut (non-saline),2022-07-08,2022-07-08,2022-07-08,2022-07-08,urban biome,human-associated habitat,feces,human-gut,ERX9466832,SAMEA110279510,26,1,No Cognitive Impairment,63,15,119,female,43,years,UBERON:feces,not collected,UBERON:feces,UBERON:feces,human,not collected,cm,Homo sapiens,39,9606,not collected,kg,UCSDMI,University of California San Diego Microbiome Initiative,2022-07-08T00:19:23Z,2022-07-08T00:19:23Z,public,Illumina MiSeq,40.1,14669.39,SINGLE,PCR,METAGENOMIC,AA,-105.2,human gut metagenome,N,1040,R1:GTGCCAGCMGCCGCGGTAA; R2:GGACTACHVGGGTWTCTAAT,CU Boulder,1040,G5,ILLUMINA,N,GTGCCAGCMGCCGCGGTAA,42,WNL,53.5,Asian or Pacific Islander,N,Single (never married),2022-07-13T00:00:00Z,2022-07-30T12:39:00Z,1,SAMEA110279510,qiita_sid_14669:14669.39,feces,Sequencing by synthesis,female,not applicable,not applicable,N,ERP139431,Moderate Stress,18,CU Denver BC Microbiome,qiita_sid_14669:14669.39,N,16S rRNA,V4,not provided,not applicable,not applicable,Post-Graduate 18+,I live alone.,Occasionally,
ERR9923140,"$100,000+",AMPLICON,301,TCACTGCTAGGA,61535236,PRJEB54599,SAMEA110279511,30594821,University of ColoradoBoulder BioFrontiers Institute,UNIVERSITY OF CALIFORNIA SAN DIEGO MICROBIOME INIT,CU Denver BC Microbiome,no depression,0,Healthy Control,2018-02-23,public,Y,"fastq,run.zq,sra","gs,ncbi,s3","gs.us-east1,ncbi.public,s3.us-east-1",not applicable,1609,Employed full-time (including self-employed),Host-associated,Host-associated (non-saline),Animal (non-saline),Animal distal gut (non-saline),2022-07-08,2022-07-08,2022-07-08,2022-07-08,urban biome,human-associated habitat,feces,human-gut,ERX9466833,SAMEA110279511,34,0,No Cognitive Impairment,70,16,136,female,36,years,UBERON:feces,not collected,UBERON:feces,UBERON:feces,human,not collected,cm,Homo sapiens,4,9606,not collected,kg,UCSDMI,University of California San Diego Microbiome Initiative,2022-07-08T00:19:23Z,2022-07-08T00:19:23Z,public,Illumina MiSeq,40.1,14669.4,SINGLE,PCR,METAGENOMIC,AA,-105.2,human gut metagenome,N,1006,R1:GTGCCAGCMGCCGCGGTAA; R2:GGACTACHVGGGTWTCTAAT,CU Boulder,1006-S1,D1,ILLUMINA,N,GTGCCAGCMGCCGCGGTAA,27,WNL,44.8,White (not of Hispanic origin),N,Married,2022-07-13T00:00:00Z,2022-07-30T12:39:00Z,1,SAMEA110279511,qiita_sid_14669:14669.4,feces,Sequencing by synthesis,female,not applicable,not applicable,N,ERP139431,Low Stress,10,CU Denver BC Microbiome,qiita_sid_14669:14669.4,N,16S rRNA,V4,6:35 AM,not applicable,not applicable,Post-Graduate - 17,I live with my spouse or partner,Weekly,
ERR9923141,"$26,000-$50,000",AMPLICON,301,TCAAGCAATACG,44553418,PRJEB54599,SAMEA110279512,22955793,University of ColoradoBoulder BioFrontiers Institute,UNIVERSITY OF CALIFORNIA SAN DIEGO MICROBIOME INIT,CU Denver BC Microbiome,no depression,7,Breast Cancer,2019-02-25,public,N,"fastq,run.zq,sra","gs,ncbi,s3","gs.us-east1,ncbi.public,s3.us-east-1",3/10/18,1609,Employed full-time (including self-employed),Host-associated,Host-associated (non-saline),Animal (non-saline),Animal distal gut (non-saline),2022-07-08,2022-07-08,2022-07-08,2022-07-08,urban biome,human-associated habitat,feces,human-gut,ERX9466834,SAMEA110279512,22,2,No Cognitive Impairment,67,7,110,female,59,years,UBERON:feces,not collected,UBERON:feces,UBERON:feces,human,not collected,cm,Homo sapiens,41,9606,not collected,kg,UCSDMI,University of California San Diego Microbiome Initiative,2022-07-08T00:19:23Z,2022-07-08T00:19:23Z,public,Illumina MiSeq,40.1,14669.41,SINGLE,PCR,METAGENOMIC,AA,-105.2,human gut metagenome,N,1042,R1:GTGCCAGCMGCCGCGGTAA; R2:GGACTACHVGGGTWTCTAAT,CU Boulder,1042,A6,ILLUMINA,Y,GTGCCAGCMGCCGCGGTAA,25,WNL,43,White (not of Hispanic origin),Y,Divorced,2022-07-13T00:00:00Z,2022-07-30T12:39:00Z,1,SAMEA110279512,qiita_sid_14669:14669.41,feces,Sequencing by synthesis,female,not applicable,not applicable,N,ERP139431,Low Stress,8,CU Denver BC Microbiome,qiita_sid_14669:14669.41,N,16S rRNA,V4,7:20 AM,26,Breast,High school - 12,I live with other family members (relatives,,DCIS
ERR9923142,"$100,000+",AMPLICON,301,ATACTGAGTGAA,54037326,PRJEB54599,SAMEA110279513,27605509,University of ColoradoBoulder BioFrontiers Institute,UNIVERSITY OF CALIFORNIA SAN DIEGO MICROBIOME INIT,CU Denver BC Microbiome,no depression,2,Healthy Control,2019-12-21,public,Y,"fastq,run.zq,sra","gs,ncbi,s3","gs.us-east1,ncbi.public,s3.us-east-1",not applicable,1609,Employed full-time (including self-employed),Host-associated,Host-associated (non-saline),Animal (non-saline),Animal distal gut (non-saline),2022-07-08,2022-07-08,2022-07-08,2022-07-08,urban biome,human-associated habitat,feces,human-gut,ERX9466835,SAMEA110279513,27,0,No Cognitive Impairment,66,15,124,female,54,years,UBERON:feces,not collected,UBERON:feces,UBERON:feces,human,not collected,cm,Homo sapiens,42,9606,not collected,kg,UCSDMI,University of California San Diego Microbiome Initiative,2022-07-08T00:19:23Z,2022-07-08T00:19:23Z,public,Illumina MiSeq,40.1,14669.42,SINGLE,PCR,METAGENOMIC,AA,-105.2,human gut metagenome,Y,1045,R1:GTGCCAGCMGCCGCGGTAA; R2:GGACTACHVGGGTWTCTAAT,CU Boulder,1045,B6,ILLUMINA,N,GTGCCAGCMGCCGCGGTAA,23,WNL,38.4,White (not of Hispanic origin),N,Married,2022-07-13T00:00:00Z,2022-07-30T12:39:00Z,1,SAMEA110279513,qiita_sid_14669:14669.42,feces,Sequencing by synthesis,female,not applicable,not applicable,N,ERP139431,Low Stress,8,CU Denver BC Microbiome,qiita_sid_14669:14669.42,N,16S rRNA,V4,10:40 AM,not applicable,not applicable,Post-Graduate 18+,I live with my spouse or partner,Weekly,
ERR9923143,"$100,000+",AMPLICON,301,TACACGCTGATG,11824785,PRJEB54599,SAMEA110279514,5708424,University of ColoradoBoulder BioFrontiers Institute,UNIVERSITY OF CALIFORNIA SAN DIEGO MICROBIOME INIT,CU Denver BC Microbiome,no depression,1,Healthy Control,2019-09-30,public,Y,"fastq,run.zq,sra","gs,ncbi,s3","gs.us-east1,ncbi.public,s3.us-east-1",not applicable,1609,Employed full-time (including self-employed),Host-associated,Host-associated (non-saline),Animal (non-saline),Animal distal gut (non-saline),2022-07-08,2022-07-08,2022-07-08,2022-07-08,urban biome,human-associated habitat,feces,human-gut,ERX9466836,SAMEA110279514,34,0,No Cognitive Impairment,73,16,139,female,40,years,UBERON:feces,not collected,UBERON:feces,UBERON:feces,human,not collected,cm,Homo sapiens,43,9606,not collected,kg,UCSDMI,University of California San Diego Microbiome Initiative,2022-07-08T00:19:23Z,2022-07-08T00:19:23Z,public,Illumina MiSeq,40.1,14669.43,SINGLE,PCR,METAGENOMIC,AA,-105.2,human gut metagenome,Y,1046,R1:GTGCCAGCMGCCGCGGTAA; R2:GGACTACHVGGGTWTCTAAT,CU Boulder,1046,C6,ILLUMINA,N,GTGCCAGCMGCCGCGGTAA,27,WNL,45,White (not of Hispanic origin),N,Married,2022-07-13T00:00:00Z,2022-07-30T12:38:00Z,1,SAMEA110279514,qiita_sid_14669:14669.43,feces,Sequencing by synthesis,female,not applicable,not applicable,N,ERP139431,Low Stress,13,CU Denver BC Microbiome,qiita_sid_14669:14669.43,N,16S rRNA,V4,not provided,not applicable,not applicable,College - 16,I live with my spouse or partner,Weekly,
ERR9923144,"$100,000+",AMPLICON,301,TCTCCTAGGCGC,67475471,PRJEB54599,SAMEA110279515,33702546,University of ColoradoBoulder BioFrontiers Institute,UNIVERSITY OF CALIFORNIA SAN DIEGO MICROBIOME INIT,CU Denver BC Microbiome,depressive symptomatology,32,Breast Cancer,2020-01-06,public,Y,"fastq,run.zq,sra","gs,ncbi,s3","gs.us-east1,ncbi.public,s3.us-east-1",3/30/18,1609,Retired,Host-associated,Host-associated (non-saline),Animal (non-saline),Animal distal gut (non-saline),2022-07-08,2022-07-08,2022-07-08,2022-07-08,urban biome,human-associated habitat,feces,human-gut,ERX9466837,SAMEA110279515,14,1,Cognitive Impairment,41,9,79,female,57,years,UBERON:feces,not collected,UBERON:feces,UBERON:feces,human,not collected,cm,Homo sapiens,44,9606,not collected,kg,UCSDMI,University of California San Diego Microbiome Initiative,2022-07-08T00:19:23Z,2022-07-08T00:19:23Z,public,Illumina MiSeq,40.1,14669.44,SINGLE,PCR,METAGENOMIC,AA,-105.2,human gut metagenome,N,1047,R1:GTGCCAGCMGCCGCGGTAA; R2:GGACTACHVGGGTWTCTAAT,CU Boulder,1047,D6,ILLUMINA,N,GTGCCAGCMGCCGCGGTAA,51,Mild Anxiety,56.8,White (not of Hispanic origin),N,Married,2022-07-13T00:00:00Z,2022-07-30T12:39:00Z,1,SAMEA110279515,qiita_sid_14669:14669.44,feces,Sequencing by synthesis,female,not applicable,not applicable,N,ERP139431,Moderate Stress,21,CU Denver BC Microbiome,qiita_sid_14669:14669.44,N,16S rRNA,V4,6:00 AM,39,Breast,College - 15,I live with my spouse or partner,Occasionally,
ERR9923145,"$100,000+",AMPLICON,301,AGTCTTAAAGGA,71633485,PRJEB54599,SAMEA110279516,35513487,University of ColoradoBoulder BioFrontiers Institute,UNIVERSITY OF CALIFORNIA SAN DIEGO MICROBIOME INIT,CU Denver BC Microbiome,no depression,2,Breast Cancer,2020-03-23,public,Y,"fastq,run.zq,sra","gs,ncbi,s3","gs.us-east1,ncbi.public,s3.us-east-1",8/20/18,1609,Employed part-time (including self-employed),Host-associated,Host-associated (non-saline),Animal (non-saline),Animal distal gut (non-saline),2022-07-08,2022-07-08,2022-07-08,2022-07-08,urban biome,human-associated habitat,feces,human-gut,ERX9466838,SAMEA110279516,35,0,No Cognitive Impairment,71,16,138,female,54,years,UBERON:feces,not collected,UBERON:feces,UBERON:feces,human,not collected,cm,Homo sapiens,45,9606,not collected,kg,UCSDMI,University of California San Diego Microbiome Initiative,2022-07-08T00:19:23Z,2022-07-08T00:19:23Z,public,Illumina MiSeq,40.1,14669.45,SINGLE,PCR,METAGENOMIC,AA,-105.2,human gut metagenome,N,1022,R1:GTGCCAGCMGCCGCGGTAA; R2:GGACTACHVGGGTWTCTAAT,CU Boulder,1022,E6,ILLUMINA,N,GTGCCAGCMGCCGCGGTAA,22,WNL,33.5,White (not of Hispanic origin),Y,Married,2022-07-13T00:00:00Z,2022-07-30T12:39:00Z,1,SAMEA110279516,qiita_sid_14669:14669.45,feces,Sequencing by synthesis,female,not applicable,not applicable,N,ERP139431,Low Stress,7,CU Denver BC Microbiome,qiita_sid_14669:14669.45,Y,16S rRNA,V4,9:00 AM,not applicable,breast,College - 16,I live with my spouse or partner,Occasionally,
ERR9923146,"$51,000-$75,000",AMPLICON,301,TAATCATGTAAT,120219099,PRJEB54599,SAMEA110279517,58736938,University of ColoradoBoulder BioFrontiers Institute,UNIVERSITY OF CALIFORNIA SAN DIEGO MICROBIOME INIT,CU Denver BC Microbiome,no depression,13,Breast Cancer,2020-04-06,public,N,"fastq,run.zq,sra","gs,ncbi,s3","gs.us-east1,ncbi.public,s3.us-east-1",1/12/18,1609,Employed full-time (including self-employed),Host-associated,Host-associated (non-saline),Animal (non-saline),Animal distal gut (non-saline),2022-07-08,2022-07-08,2022-07-08,2022-07-08,urban biome,human-associated habitat,feces,human-gut,ERX9466839,SAMEA110279517,17,0,Cognitive Impairment,19,12,64,female,41,years,UBERON:feces,not collected,UBERON:feces,UBERON:feces,human,not collected,cm,Homo sapiens,46,9606,not collected,kg,UCSDMI,University of California San Diego Microbiome Initiative,2022-07-08T00:19:23Z,2022-07-08T00:19:23Z,public,Illumina MiSeq,40.1,14669.46,SINGLE,PCR,METAGENOMIC,AA,-105.2,human gut metagenome,N,1024,R1:GTGCCAGCMGCCGCGGTAA; R2:GGACTACHVGGGTWTCTAAT,CU Boulder,1024,F6,ILLUMINA,N,GTGCCAGCMGCCGCGGTAA,22,WNL,33.5,White (not of Hispanic origin),N,Single (never married),2022-07-13T00:00:00Z,2022-07-30T12:39:00Z,1,SAMEA110279517,qiita_sid_14669:14669.46,feces,Sequencing by synthesis,female,not applicable,not applicable,N,ERP139431,Low Stress,6,CU Denver BC Microbiome,qiita_sid_14669:14669.46,Y,16S rRNA,V4,not provided,not applicable,Breast,Post-Graduate - 17,I live alone.,,
ERR9923147,"$26,000-$50,000",AMPLICON,301,AGCTATGTATGG,75390567,PRJEB54599,SAMEA110279518,37110455,University of ColoradoBoulder BioFrontiers Institute,UNIVERSITY OF CALIFORNIA SAN DIEGO MICROBIOME INIT,CU Denver BC Microbiome,depressive symptomatology,24,Healthy Control,2018-11-14,public,N,"fastq,run.zq,sra","gs,ncbi,s3","gs.us-east1,ncbi.public,s3.us-east-1",not applicable,1609,Full-time student,Host-associated,Host-associated (non-saline),Animal (non-saline),Animal distal gut (non-saline),2022-07-08,2022-07-08,2022-07-08,2022-07-08,urban biome,human-associated habitat,feces,human-gut,ERX9466840,SAMEA110279518,36,0,No Cognitive Impairment,67,16,135,female,19,years,UBERON:feces,not collected,UBERON:feces,UBERON:feces,human,not collected,cm,Homo sapiens,6,9606,not collected,kg,UCSDMI,University of California San Diego Microbiome Initiative,2022-07-08T00:19:23Z,2022-07-08T00:19:23Z,public,Illumina MiSeq,40.1,14669.6,SINGLE,PCR,METAGENOMIC,AA,-105.2,human gut metagenome,N,1007,R1:GTGCCAGCMGCCGCGGTAA; R2:GGACTACHVGGGTWTCTAAT,CU Boulder,1007 - S1,F1,ILLUMINA,N,GTGCCAGCMGCCGCGGTAA,38,WNL,51.6,Hispanic (Mexican,N,Single (never married),2022-07-13T00:00:00Z,2022-07-30T12:39:00Z,1,SAMEA110279518,qiita_sid_14669:14669.6,feces,Sequencing by synthesis,female,not applicable,not applicable,N,ERP139431,Moderate Stress,19,CU Denver BC Microbiome,qiita_sid_14669:14669.6,N,16S rRNA,V4,not provided,not applicable,not applicable,College - 13,I live with my parent(s).,,
ERR9923148,"$0-$25,000",AMPLICON,301,AAGGGTTAGTCT,75186188,PRJEB54599,SAMEA110279519,36698843,University of ColoradoBoulder BioFrontiers Institute,UNIVERSITY OF CALIFORNIA SAN DIEGO MICROBIOME INIT,CU Denver BC Microbiome,no depression,9,Healthy Control,2018-04-13,public,Y,"fastq,run.zq,sra","gs,ncbi,s3","gs.us-east1,ncbi.public,s3.us-east-1",not applicable,1609,Employed part-time (including self-employed),Host-associated,Host-associated (non-saline),Animal (non-saline),Animal distal gut (non-saline),2022-07-08,2022-07-08,2022-07-08,2022-07-08,urban biome,human-associated habitat,feces,human-gut,ERX9466841,SAMEA110279519,34,1,No Cognitive Impairment,74,15,138,female,21,years,UBERON:feces,not collected,UBERON:feces,UBERON:feces,human,not collected,cm,Homo sapiens,8,9606,not collected,kg,UCSDMI,University of California San Diego Microbiome Initiative,2022-07-08T00:19:23Z,2022-07-08T00:19:23Z,public,Illumina MiSeq,40.1,14669.8,SINGLE,PCR,METAGENOMIC,AA,-105.2,human gut metagenome,N,1008,R1:GTGCCAGCMGCCGCGGTAA; R2:GGACTACHVGGGTWTCTAAT,CU Boulder,1008-S1,H1,ILLUMINA,N,GTGCCAGCMGCCGCGGTAA,30,WNL,47.2,Asian or Pacific Islander,N,Committed relationship (partner opposite sex),2022-07-13T00:00:00Z,2022-07-30T12:39:00Z,1,SAMEA110279519,qiita_sid_14669:14669.8,feces,Sequencing by synthesis,female,not applicable,not applicable,N,ERP139431,Low Stress,11,CU Denver BC Microbiome,qiita_sid_14669:14669.8,N,16S rRNA,V4,not provided,not applicable,not applicable,College - 15,I live with roommate(s).,Occasionally,
