#TAXONOMY,Kingdom,Phylum,Class,Order,Family,Genus,Species,Strain
d__Bacteria; p__Actinobacteriota; c__Actinobacteria; o__Corynebacteriales; f__Corynebacteriaceae; g__Corynebacterium,Bacteria,Actinobacteriota,Actinobacteria,Corynebacteriales,Corynebacteriaceae,Corynebacterium,Unclassified  Corynebacterium,NA
d__Bacteria; p__Firmicutes; c__Clostridia; o__Peptostreptococcales-Tissierellales; f__Peptostreptococcales-Tissierellales; g__Murdochiella; s__Murdochiella_asaccharolytica,Bacteria,Firmicutes,Clostridia,Peptostreptococcales-Tissierellales,Peptostreptococcales-Tissierellales,Murdochiella,Murdochiella Murdochiella_asaccharolytica,NA
d__Bacteria; p__Firmicutes; c__Clostridia; o__Oscillospirales; f__Oscillospiraceae,Bacteria,Firmicutes,Clostridia,Oscillospirales,Oscillospiraceae,Unclassified Oscillospiraceae,Unclassified Oscillospiraceae,NA
d__Bacteria; p__Firmicutes; c__Clostridia; o__Oscillospirales; f__Ruminococcaceae; g__[Eubacterium]_siraeum_group,Bacteria,Firmicutes,Clostridia,Oscillospirales,Ruminococcaceae,[Eubacterium]_siraeum_group,Unclassified  [Eubacterium]_siraeum_group,NA
d__Bacteria; p__Firmicutes; c__Bacilli; o__Lactobacillales; f__Enterococcaceae; g__Enterococcus,Bacteria,Firmicutes,Bacilli,Lactobacillales,Enterococcaceae,Enterococcus,Unclassified  Enterococcus,NA
d__Bacteria; p__Firmicutes; c__Clostridia; o__Lachnospirales; f__Lachnospiraceae,Bacteria,Firmicutes,Clostridia,Lachnospirales,Lachnospiraceae,Unclassified Lachnospiraceae,Unclassified Lachnospiraceae,NA
d__Bacteria; p__Bacteroidota; c__Bacteroidia; o__Bacteroidales; f__Muribaculaceae; g__Muribaculaceae; s__uncultured_bacterium,Bacteria,Bacteroidota,Bacteroidia,Bacteroidales,Muribaculaceae,Muribaculaceae,Muribaculaceae uncultured_bacterium,NA
d__Bacteria; p__Firmicutes; c__Bacilli; o__Lactobacillales; f__Streptococcaceae; g__Streptococcus,Bacteria,Firmicutes,Bacilli,Lactobacillales,Streptococcaceae,Streptococcus,Unclassified  Streptococcus,NA
d__Bacteria; p__Bacteroidota; c__Bacteroidia; o__Bacteroidales; f__Bacteroidaceae; g__Bacteroides,Bacteria,Bacteroidota,Bacteroidia,Bacteroidales,Bacteroidaceae,Bacteroides,Unclassified  Bacteroides,NA
d__Bacteria; p__Firmicutes; c__Clostridia; o__Oscillospirales; f__[Eubacterium]_coprostanoligenes_group; g__[Eubacterium]_coprostanoligenes_group,Bacteria,Firmicutes,Clostridia,Oscillospirales,[Eubacterium]_coprostanoligenes_group,[Eubacterium]_coprostanoligenes_group,Unclassified  [Eubacterium]_coprostanoligenes_group,NA
d__Bacteria; p__Firmicutes; c__Clostridia; o__Oscillospirales; f__UCG-010; g__UCG-010,Bacteria,Firmicutes,Clostridia,Oscillospirales,UCG-010,UCG-010,Unclassified  UCG-010,NA
d__Bacteria; p__Firmicutes; c__Clostridia; o__Lachnospirales; f__Lachnospiraceae; g__Eisenbergiella,Bacteria,Firmicutes,Clostridia,Lachnospirales,Lachnospiraceae,Eisenbergiella,Unclassified  Eisenbergiella,NA
d__Bacteria; p__Firmicutes; c__Clostridia; o__Lachnospirales; f__Lachnospiraceae; g__Lachnoclostridium,Bacteria,Firmicutes,Clostridia,Lachnospirales,Lachnospiraceae,Lachnoclostridium,Unclassified  Lachnoclostridium,NA
d__Bacteria; p__Firmicutes; c__Clostridia; o__Lachnospirales; f__Lachnospiraceae; g__[Eubacterium]_hallii_group,Bacteria,Firmicutes,Clostridia,Lachnospirales,Lachnospiraceae,[Eubacterium]_hallii_group,Unclassified  [Eubacterium]_hallii_group,NA
d__Bacteria; p__Proteobacteria; c__Alphaproteobacteria; o__Rhodospirillales; f__uncultured; g__uncultured; s__gut_metagenome,Bacteria,Proteobacteria,Alphaproteobacteria,Rhodospirillales,uncultured,uncultured,uncultured gut_metagenome,NA
d__Bacteria; p__Bacteroidota; c__Bacteroidia; o__Bacteroidales; f__Rikenellaceae; g__Rikenellaceae_RC9_gut_group; s__uncultured_bacterium,Bacteria,Bacteroidota,Bacteroidia,Bacteroidales,Rikenellaceae,Rikenellaceae_RC9_gut_group,Rikenellaceae_RC9_gut_group uncultured_bacterium,NA
d__Bacteria; p__Firmicutes; c__Clostridia; o__Lachnospirales; f__Lachnospiraceae; g__Coprococcus,Bacteria,Firmicutes,Clostridia,Lachnospirales,Lachnospiraceae,Coprococcus,Unclassified  Coprococcus,NA
d__Bacteria; p__Firmicutes; c__Clostridia; o__Clostridiales; f__Clostridiaceae; g__Clostridium_sensu_stricto_1,Bacteria,Firmicutes,Clostridia,Clostridiales,Clostridiaceae,Clostridium_sensu_stricto_1,Unclassified  Clostridium_sensu_stricto_1,NA
d__Bacteria; p__Firmicutes; c__Clostridia; o__Oscillospirales; f__Oscillospiraceae; g__UCG-002,Bacteria,Firmicutes,Clostridia,Oscillospirales,Oscillospiraceae,UCG-002,Unclassified  UCG-002,NA
d__Bacteria; p__Actinobacteriota; c__Actinobacteria; o__Bifidobacteriales; f__Bifidobacteriaceae; g__Bifidobacterium,Bacteria,Actinobacteriota,Actinobacteria,Bifidobacteriales,Bifidobacteriaceae,Bifidobacterium,Unclassified  Bifidobacterium,NA
d__Bacteria; p__Proteobacteria; c__Gammaproteobacteria; o__Enterobacterales; f__Enterobacteriaceae; g__Escherichia-Shigella,Bacteria,Proteobacteria,Gammaproteobacteria,Enterobacterales,Enterobacteriaceae,Escherichia-Shigella,Unclassified  Escherichia-Shigella,NA
d__Bacteria; p__Firmicutes; c__Clostridia; o__Oscillospirales; f__Ruminococcaceae; g__Subdoligranulum,Bacteria,Firmicutes,Clostridia,Oscillospirales,Ruminococcaceae,Subdoligranulum,Unclassified  Subdoligranulum,NA
d__Bacteria; p__Bacteroidota; c__Bacteroidia; o__Bacteroidales; f__Marinifilaceae; g__Odoribacter; s__uncultured_bacterium,Bacteria,Bacteroidota,Bacteroidia,Bacteroidales,Marinifilaceae,Odoribacter,Odoribacter uncultured_bacterium,NA
d__Bacteria; p__Firmicutes; c__Bacilli; o__Staphylococcales; f__Staphylococcaceae; g__Staphylococcus,Bacteria,Firmicutes,Bacilli,Staphylococcales,Staphylococcaceae,Staphylococcus,Unclassified  Staphylococcus,NA
d__Bacteria; p__Firmicutes; c__Clostridia; o__Oscillospirales; f__Ruminococcaceae; g__Ruminococcus,Bacteria,Firmicutes,Clostridia,Oscillospirales,Ruminococcaceae,Ruminococcus,Unclassified  Ruminococcus,NA
d__Bacteria; p__Bacteroidota; c__Bacteroidia; o__Bacteroidales; f__Bacteroidaceae; g__Bacteroides; s__Bacteroides_plebeius,Bacteria,Bacteroidota,Bacteroidia,Bacteroidales,Bacteroidaceae,Bacteroides,Bacteroides Bacteroides_plebeius,NA
d__Bacteria; p__Firmicutes; c__Clostridia; o__Lachnospirales; f__Lachnospiraceae; g__uncultured,Bacteria,Firmicutes,Clostridia,Lachnospirales,Lachnospiraceae,uncultured,Unclassified  uncultured,NA
d__Bacteria; p__Firmicutes; c__Clostridia; o__Lachnospirales; f__Lachnospiraceae; g__Lachnospiraceae_UCG-004,Bacteria,Firmicutes,Clostridia,Lachnospirales,Lachnospiraceae,Lachnospiraceae_UCG-004,Unclassified  Lachnospiraceae_UCG-004,NA
d__Bacteria; p__Bacteroidota; c__Bacteroidia; o__Bacteroidales; f__Porphyromonadaceae; g__Porphyromonas; s__uncultured_microorganism,Bacteria,Bacteroidota,Bacteroidia,Bacteroidales,Porphyromonadaceae,Porphyromonas,Porphyromonas uncultured_microorganism,NA
d__Bacteria; p__Firmicutes; c__Clostridia; o__Christensenellales; f__Christensenellaceae; g__Christensenellaceae_R-7_group,Bacteria,Firmicutes,Clostridia,Christensenellales,Christensenellaceae,Christensenellaceae_R-7_group,Unclassified  Christensenellaceae_R-7_group,NA
d__Bacteria; p__Actinobacteriota; c__Coriobacteriia; o__Coriobacteriales; f__Eggerthellaceae,Bacteria,Actinobacteriota,Coriobacteriia,Coriobacteriales,Eggerthellaceae,Unclassified Eggerthellaceae,Unclassified Eggerthellaceae,NA
d__Bacteria; p__Bacteroidota; c__Bacteroidia; o__Bacteroidales; f__Marinifilaceae; g__Odoribacter,Bacteria,Bacteroidota,Bacteroidia,Bacteroidales,Marinifilaceae,Odoribacter,Unclassified  Odoribacter,NA
d__Bacteria; p__Proteobacteria; c__Alphaproteobacteria; o__Rhodospirillales; f__uncultured; g__uncultured; s__Azospirillum_sp.,Bacteria,Proteobacteria,Alphaproteobacteria,Rhodospirillales,uncultured,uncultured,uncultured Azospirillum_sp.,NA
d__Bacteria; p__Firmicutes; c__Bacilli; o__Erysipelotrichales; f__Erysipelatoclostridiaceae; g__Erysipelatoclostridium,Bacteria,Firmicutes,Bacilli,Erysipelotrichales,Erysipelatoclostridiaceae,Erysipelatoclostridium,Unclassified  Erysipelatoclostridium,NA
d__Bacteria; p__Firmicutes; c__Clostridia; o__Oscillospirales; f__Ruminococcaceae; g__uncultured; s__human_gut,Bacteria,Firmicutes,Clostridia,Oscillospirales,Ruminococcaceae,uncultured,uncultured human_gut,NA
d__Bacteria; p__Firmicutes; c__Clostridia; o__Clostridia_UCG-014; f__Clostridia_UCG-014; g__Clostridia_UCG-014,Bacteria,Firmicutes,Clostridia,Clostridia_UCG-014,Clostridia_UCG-014,Clostridia_UCG-014,Unclassified  Clostridia_UCG-014,NA
d__Bacteria; p__Firmicutes; c__Negativicutes; o__Veillonellales-Selenomonadales; f__Veillonellaceae; g__Veillonella,Bacteria,Firmicutes,Negativicutes,Veillonellales-Selenomonadales,Veillonellaceae,Veillonella,Unclassified  Veillonella,NA
d__Bacteria; p__Firmicutes; c__Clostridia; o__Lachnospirales; f__Lachnospiraceae; g__Lachnospiraceae_UCG-001,Bacteria,Firmicutes,Clostridia,Lachnospirales,Lachnospiraceae,Lachnospiraceae_UCG-001,Unclassified  Lachnospiraceae_UCG-001,NA
d__Bacteria; p__Cyanobacteria; c__Vampirivibrionia; o__Gastranaerophilales; f__Gastranaerophilales; g__Gastranaerophilales; s__uncultured_bacterium,Bacteria,Cyanobacteria,Vampirivibrionia,Gastranaerophilales,Gastranaerophilales,Gastranaerophilales,Gastranaerophilales uncultured_bacterium,NA
d__Bacteria; p__Bacteroidota; c__Bacteroidia; o__Bacteroidales; f__Dysgonomonadaceae; g__Dysgonomonas,Bacteria,Bacteroidota,Bacteroidia,Bacteroidales,Dysgonomonadaceae,Dysgonomonas,Unclassified  Dysgonomonas,NA
d__Bacteria; p__Firmicutes; c__Clostridia; o__Monoglobales; f__Monoglobaceae; g__Monoglobus; s__uncultured_bacterium,Bacteria,Firmicutes,Clostridia,Monoglobales,Monoglobaceae,Monoglobus,Monoglobus uncultured_bacterium,NA
d__Bacteria; p__Firmicutes; c__Bacilli; o__Erysipelotrichales; f__Erysipelatoclostridiaceae; g__Erysipelotrichaceae_UCG-003,Bacteria,Firmicutes,Bacilli,Erysipelotrichales,Erysipelatoclostridiaceae,Erysipelotrichaceae_UCG-003,Unclassified  Erysipelotrichaceae_UCG-003,NA
d__Bacteria; p__Firmicutes; c__Bacilli; o__Erysipelotrichales; f__Erysipelotrichaceae; g__Turicibacter,Bacteria,Firmicutes,Bacilli,Erysipelotrichales,Erysipelotrichaceae,Turicibacter,Unclassified  Turicibacter,NA
d__Bacteria; p__Bacteroidota; c__Bacteroidia; o__Bacteroidales; f__Rikenellaceae; g__Alistipes; s__Bacteroides_sp.,Bacteria,Bacteroidota,Bacteroidia,Bacteroidales,Rikenellaceae,Alistipes,Alistipes Bacteroides_sp.,NA
d__Bacteria; p__Firmicutes; c__Clostridia; o__Oscillospirales; f__Ruminococcaceae; g__CAG-352,Bacteria,Firmicutes,Clostridia,Oscillospirales,Ruminococcaceae,CAG-352,Unclassified  CAG-352,NA
d__Bacteria; p__Firmicutes; c__Clostridia; o__Lachnospirales; f__Lachnospiraceae; g__Blautia,Bacteria,Firmicutes,Clostridia,Lachnospirales,Lachnospiraceae,Blautia,Unclassified  Blautia,NA
d__Bacteria; p__Firmicutes; c__Clostridia; o__Oscillospirales; f__Ruminococcaceae; g__Ruminococcus; s__Ruminococcus_bicirculans,Bacteria,Firmicutes,Clostridia,Oscillospirales,Ruminococcaceae,Ruminococcus,Ruminococcus Ruminococcus_bicirculans,NA
d__Bacteria; p__Bacteroidota; c__Bacteroidia; o__Bacteroidales; f__Prevotellaceae; g__Prevotella; s__Prevotella_timonensis,Bacteria,Bacteroidota,Bacteroidia,Bacteroidales,Prevotellaceae,Prevotella,Prevotella Prevotella_timonensis,NA
d__Bacteria; p__Firmicutes; c__Clostridia; o__Oscillospirales; f__Oscillospiraceae; g__UCG-005; s__human_gut,Bacteria,Firmicutes,Clostridia,Oscillospirales,Oscillospiraceae,UCG-005,UCG-005 human_gut,NA
d__Bacteria; p__Bacteroidota; c__Bacteroidia; o__Bacteroidales; f__Bacteroidaceae; g__Bacteroides; s__Bacteroides_stercoris,Bacteria,Bacteroidota,Bacteroidia,Bacteroidales,Bacteroidaceae,Bacteroides,Bacteroides Bacteroides_stercoris,NA
d__Bacteria; p__Firmicutes; c__Clostridia; o__Lachnospirales; f__Lachnospiraceae; g__Roseburia; s__gut_metagenome,Bacteria,Firmicutes,Clostridia,Lachnospirales,Lachnospiraceae,Roseburia,Roseburia gut_metagenome,NA
d__Bacteria; p__Firmicutes; c__Clostridia; o__Oscillospirales; f__Oscillospiraceae; g__UCG-005,Bacteria,Firmicutes,Clostridia,Oscillospirales,Oscillospiraceae,UCG-005,Unclassified  UCG-005,NA
d__Bacteria; p__Firmicutes; c__Clostridia; o__Lachnospirales; f__Lachnospiraceae; g__[Eubacterium]_eligens_group,Bacteria,Firmicutes,Clostridia,Lachnospirales,Lachnospiraceae,[Eubacterium]_eligens_group,Unclassified  [Eubacterium]_eligens_group,NA
d__Bacteria; p__Proteobacteria; c__Gammaproteobacteria; o__Pseudomonadales; f__Pseudomonadaceae; g__Pseudomonas,Bacteria,Proteobacteria,Gammaproteobacteria,Pseudomonadales,Pseudomonadaceae,Pseudomonas,Unclassified  Pseudomonas,NA
d__Bacteria; p__Bacteroidota; c__Bacteroidia; o__Bacteroidales; f__Barnesiellaceae; g__Barnesiella,Bacteria,Bacteroidota,Bacteroidia,Bacteroidales,Barnesiellaceae,Barnesiella,Unclassified  Barnesiella,NA
d__Bacteria; p__Bacteroidota; c__Bacteroidia; o__Bacteroidales; f__Prevotellaceae; g__Prevotellaceae_NK3B31_group,Bacteria,Bacteroidota,Bacteroidia,Bacteroidales,Prevotellaceae,Prevotellaceae_NK3B31_group,Unclassified  Prevotellaceae_NK3B31_group,NA
d__Bacteria; p__Bacteroidota; c__Bacteroidia; o__Bacteroidales; f__Tannerellaceae; g__Parabacteroides; s__Parabacteroides_johnsonii,Bacteria,Bacteroidota,Bacteroidia,Bacteroidales,Tannerellaceae,Parabacteroides,Parabacteroides Parabacteroides_johnsonii,NA
d__Bacteria; p__Bacteroidota; c__Bacteroidia; o__Bacteroidales; f__Rikenellaceae; g__Alistipes; s__Alistipes_inops,Bacteria,Bacteroidota,Bacteroidia,Bacteroidales,Rikenellaceae,Alistipes,Alistipes Alistipes_inops,NA
d__Bacteria; p__Firmicutes; c__Clostridia; o__Oscillospirales; f__Oscillospiraceae; g__UCG-003; s__metagenome,Bacteria,Firmicutes,Clostridia,Oscillospirales,Oscillospiraceae,UCG-003,UCG-003 metagenome,NA
d__Bacteria; p__Firmicutes; c__Bacilli; o__Paenibacillales; f__Paenibacillaceae; g__Paenibacillus,Bacteria,Firmicutes,Bacilli,Paenibacillales,Paenibacillaceae,Paenibacillus,Unclassified  Paenibacillus,NA
d__Archaea; p__Euryarchaeota; c__Methanobacteria; o__Methanobacteriales; f__Methanobacteriaceae; g__Methanobrevibacter,Archaea,Euryarchaeota,Methanobacteria,Methanobacteriales,Methanobacteriaceae,Methanobrevibacter,Unclassified  Methanobrevibacter,NA
d__Bacteria; p__Firmicutes; c__Clostridia; o__Oscillospirales; f__Oscillospiraceae; g__UCG-003,Bacteria,Firmicutes,Clostridia,Oscillospirales,Oscillospiraceae,UCG-003,Unclassified  UCG-003,NA
d__Bacteria; p__Bacteroidota; c__Bacteroidia; o__Bacteroidales; f__Marinifilaceae; g__Butyricimonas,Bacteria,Bacteroidota,Bacteroidia,Bacteroidales,Marinifilaceae,Butyricimonas,Unclassified  Butyricimonas,NA
d__Bacteria; p__Firmicutes; c__Clostridia; o__Lachnospirales; f__Lachnospiraceae; g__Anaerostipes,Bacteria,Firmicutes,Clostridia,Lachnospirales,Lachnospiraceae,Anaerostipes,Unclassified  Anaerostipes,NA
d__Bacteria; p__Bacteroidota; c__Bacteroidia; o__Bacteroidales; f__Tannerellaceae; g__Parabacteroides,Bacteria,Bacteroidota,Bacteroidia,Bacteroidales,Tannerellaceae,Parabacteroides,Unclassified  Parabacteroides,NA
d__Bacteria; p__Firmicutes; c__Clostridia; o__Oscillospirales; f__UCG-010; g__UCG-010; s__uncultured_bacterium,Bacteria,Firmicutes,Clostridia,Oscillospirales,UCG-010,UCG-010,UCG-010 uncultured_bacterium,NA
d__Bacteria; p__Firmicutes; c__Clostridia; o__Lachnospirales; f__Lachnospiraceae; g__Lachnospiraceae_ND3007_group; s__uncultured_bacterium,Bacteria,Firmicutes,Clostridia,Lachnospirales,Lachnospiraceae,Lachnospiraceae_ND3007_group,Lachnospiraceae_ND3007_group uncultured_bacterium,NA
d__Bacteria; p__Firmicutes; c__Bacilli; o__Bacillales,Bacteria,Firmicutes,Bacilli,Bacillales,Unclassified Bacillales,Unclassified Bacillales,Unclassified Bacillales,NA
d__Bacteria; p__Firmicutes; c__Clostridia; o__Lachnospirales; f__Lachnospiraceae; g__[Ruminococcus]_torques_group,Bacteria,Firmicutes,Clostridia,Lachnospirales,Lachnospiraceae,[Ruminococcus]_torques_group,Unclassified  [Ruminococcus]_torques_group,NA
d__Bacteria; p__Bacteroidota; c__Bacteroidia; o__Bacteroidales; f__Rikenellaceae; g__Alistipes,Bacteria,Bacteroidota,Bacteroidia,Bacteroidales,Rikenellaceae,Alistipes,Unclassified  Alistipes,NA
d__Bacteria; p__Firmicutes; c__Bacilli; o__Lactobacillales; f__Lactobacillaceae; g__Lactobacillus,Bacteria,Firmicutes,Bacilli,Lactobacillales,Lactobacillaceae,Lactobacillus,Unclassified  Lactobacillus,NA
d__Bacteria; p__Firmicutes; c__Clostridia; o__Oscillospirales; f__Oscillospiraceae; g__uncultured,Bacteria,Firmicutes,Clostridia,Oscillospirales,Oscillospiraceae,uncultured,Unclassified  uncultured,NA
d__Bacteria; p__Proteobacteria; c__Gammaproteobacteria; o__Pasteurellales; f__Pasteurellaceae,Bacteria,Proteobacteria,Gammaproteobacteria,Pasteurellales,Pasteurellaceae,Unclassified Pasteurellaceae,Unclassified Pasteurellaceae,NA
d__Bacteria; p__Firmicutes; c__Clostridia; o__Oscillospirales; f__Oscillospiraceae; g__Colidextribacter,Bacteria,Firmicutes,Clostridia,Oscillospirales,Oscillospiraceae,Colidextribacter,Unclassified  Colidextribacter,NA
d__Bacteria; p__Firmicutes; c__Negativicutes; o__Veillonellales-Selenomonadales; f__Veillonellaceae; g__Dialister,Bacteria,Firmicutes,Negativicutes,Veillonellales-Selenomonadales,Veillonellaceae,Dialister,Unclassified  Dialister,NA
d__Bacteria; p__Firmicutes; c__Clostridia; o__Oscillospirales; f__Oscillospiraceae; g__Oscillibacter,Bacteria,Firmicutes,Clostridia,Oscillospirales,Oscillospiraceae,Oscillibacter,Unclassified  Oscillibacter,NA
d__Bacteria; p__Firmicutes; c__Clostridia; o__Oscillospirales; f__Butyricicoccaceae; g__Butyricicoccus,Bacteria,Firmicutes,Clostridia,Oscillospirales,Butyricicoccaceae,Butyricicoccus,Unclassified  Butyricicoccus,NA
d__Bacteria; p__Firmicutes; c__Clostridia; o__Oscillospirales; f__Ruminococcaceae; g__Negativibacillus,Bacteria,Firmicutes,Clostridia,Oscillospirales,Ruminococcaceae,Negativibacillus,Unclassified  Negativibacillus,NA
d__Bacteria; p__Proteobacteria; c__Gammaproteobacteria; o__Enterobacterales; f__Enterobacteriaceae,Bacteria,Proteobacteria,Gammaproteobacteria,Enterobacterales,Enterobacteriaceae,Unclassified Enterobacteriaceae,Unclassified Enterobacteriaceae,NA
d__Bacteria; p__Firmicutes; c__Clostridia; o__Lachnospirales; f__Lachnospiraceae; g__[Eubacterium]_ventriosum_group,Bacteria,Firmicutes,Clostridia,Lachnospirales,Lachnospiraceae,[Eubacterium]_ventriosum_group,Unclassified  [Eubacterium]_ventriosum_group,NA
d__Bacteria; p__Firmicutes; c__Clostridia; o__Christensenellales; f__Christensenellaceae; g__Christensenellaceae_R-7_group; s__uncultured_prokaryote,Bacteria,Firmicutes,Clostridia,Christensenellales,Christensenellaceae,Christensenellaceae_R-7_group,Christensenellaceae_R-7_group uncultured_prokaryote,NA
d__Bacteria; p__Firmicutes; c__Clostridia; o__Peptostreptococcales-Tissierellales; f__Peptostreptococcales-Tissierellales; g__Fenollaria,Bacteria,Firmicutes,Clostridia,Peptostreptococcales-Tissierellales,Peptostreptococcales-Tissierellales,Fenollaria,Unclassified  Fenollaria,NA
d__Bacteria; p__Firmicutes; c__Clostridia; o__Christensenellales; f__Christensenellaceae,Bacteria,Firmicutes,Clostridia,Christensenellales,Christensenellaceae,Unclassified Christensenellaceae,Unclassified Christensenellaceae,NA
d__Bacteria; p__Firmicutes; c__Clostridia; o__Lachnospirales; f__Lachnospiraceae; g__[Eubacterium]_xylanophilum_group; s__uncultured_organism,Bacteria,Firmicutes,Clostridia,Lachnospirales,Lachnospiraceae,[Eubacterium]_xylanophilum_group,[Eubacterium]_xylanophilum_group uncultured_organism,NA
d__Bacteria; p__Firmicutes; c__Clostridia; o__Peptostreptococcales-Tissierellales; f__Peptostreptococcales-Tissierellales; g__Peptoniphilus,Bacteria,Firmicutes,Clostridia,Peptostreptococcales-Tissierellales,Peptostreptococcales-Tissierellales,Peptoniphilus,Unclassified  Peptoniphilus,NA
d__Bacteria; p__Actinobacteriota; c__Coriobacteriia; o__Coriobacteriales; f__Coriobacteriaceae; g__Collinsella,Bacteria,Actinobacteriota,Coriobacteriia,Coriobacteriales,Coriobacteriaceae,Collinsella,Unclassified  Collinsella,NA
d__Bacteria; p__Proteobacteria; c__Alphaproteobacteria; o__Rhizobiales; f__Rhizobiaceae,Bacteria,Proteobacteria,Alphaproteobacteria,Rhizobiales,Rhizobiaceae,Unclassified Rhizobiaceae,Unclassified Rhizobiaceae,NA
d__Bacteria; p__Firmicutes; c__Clostridia; o__Peptostreptococcales-Tissierellales; f__Peptostreptococcaceae,Bacteria,Firmicutes,Clostridia,Peptostreptococcales-Tissierellales,Peptostreptococcaceae,Unclassified Peptostreptococcaceae,Unclassified Peptostreptococcaceae,NA
d__Bacteria; p__Actinobacteriota; c__Coriobacteriia; o__Coriobacteriales; f__Coriobacteriales_Incertae_Sedis; g__uncultured; s__gut_metagenome,Bacteria,Actinobacteriota,Coriobacteriia,Coriobacteriales,Coriobacteriales_Incertae_Sedis,uncultured,uncultured gut_metagenome,NA
d__Bacteria; p__Proteobacteria; c__Gammaproteobacteria; o__Burkholderiales; f__Sutterellaceae; g__Sutterella,Bacteria,Proteobacteria,Gammaproteobacteria,Burkholderiales,Sutterellaceae,Sutterella,Unclassified  Sutterella,NA
d__Bacteria; p__Firmicutes; c__Bacilli; o__Erysipelotrichales; f__Erysipelatoclostridiaceae; g__Erysipelatoclostridium; s__Massiliomicrobiota_timonensis,Bacteria,Firmicutes,Bacilli,Erysipelotrichales,Erysipelatoclostridiaceae,Erysipelatoclostridium,Erysipelatoclostridium Massiliomicrobiota_timonensis,NA
d__Bacteria; p__Firmicutes; c__Clostridia; o__Oscillospirales; f__[Eubacterium]_coprostanoligenes_group; g__[Eubacterium]_coprostanoligenes_group; s__uncultured_bacterium,Bacteria,Firmicutes,Clostridia,Oscillospirales,[Eubacterium]_coprostanoligenes_group,[Eubacterium]_coprostanoligenes_group,[Eubacterium]_coprostanoligenes_group uncultured_bacterium,NA
d__Bacteria; p__Actinobacteriota; c__Coriobacteriia; o__Coriobacteriales; f__Eggerthellaceae; g__Eggerthella,Bacteria,Actinobacteriota,Coriobacteriia,Coriobacteriales,Eggerthellaceae,Eggerthella,Unclassified  Eggerthella,NA
d__Bacteria; p__Firmicutes; c__Clostridia; o__Oscillospirales; f__Ruminococcaceae,Bacteria,Firmicutes,Clostridia,Oscillospirales,Ruminococcaceae,Unclassified Ruminococcaceae,Unclassified Ruminococcaceae,NA
d__Bacteria; p__Firmicutes; c__Clostridia; o__Oscillospirales; f__Oscillospiraceae; g__NK4A214_group,Bacteria,Firmicutes,Clostridia,Oscillospirales,Oscillospiraceae,NK4A214_group,Unclassified  NK4A214_group,NA
d__Bacteria; p__Firmicutes; c__Clostridia; o__Oscillospirales; f__Oscillospiraceae; g__Flavonifractor,Bacteria,Firmicutes,Clostridia,Oscillospirales,Oscillospiraceae,Flavonifractor,Unclassified  Flavonifractor,NA
d__Bacteria; p__Proteobacteria; c__Gammaproteobacteria,Bacteria,Proteobacteria,Gammaproteobacteria,Unclassified Gammaproteobacteria,Unclassified Gammaproteobacteria,Unclassified Gammaproteobacteria,Unclassified Gammaproteobacteria,NA
d__Bacteria; p__Proteobacteria; c__Gammaproteobacteria; o__Burkholderiales; f__Sutterellaceae; g__Parasutterella,Bacteria,Proteobacteria,Gammaproteobacteria,Burkholderiales,Sutterellaceae,Parasutterella,Unclassified  Parasutterella,NA
d__Bacteria; p__Bacteroidota; c__Bacteroidia; o__Bacteroidales; f__Prevotellaceae; g__Prevotella,Bacteria,Bacteroidota,Bacteroidia,Bacteroidales,Prevotellaceae,Prevotella,Unclassified  Prevotella,NA
d__Bacteria; p__Bacteroidota; c__Bacteroidia; o__Bacteroidales; f__Prevotellaceae; g__Prevotella; s__Prevotella_corporis,Bacteria,Bacteroidota,Bacteroidia,Bacteroidales,Prevotellaceae,Prevotella,Prevotella Prevotella_corporis,NA
d__Bacteria; p__Firmicutes; c__Clostridia; o__Lachnospirales; f__Lachnospiraceae; g__Dorea,Bacteria,Firmicutes,Clostridia,Lachnospirales,Lachnospiraceae,Dorea,Unclassified  Dorea,NA
d__Bacteria; p__Firmicutes; c__Clostridia; o__Oscillospirales; f__Ruminococcaceae; g__Faecalibacterium,Bacteria,Firmicutes,Clostridia,Oscillospirales,Ruminococcaceae,Faecalibacterium,Unclassified  Faecalibacterium,NA
d__Bacteria; p__Bacteroidota; c__Bacteroidia; o__Bacteroidales; f__Prevotellaceae; g__Prevotella; s__Prevotella_stercorea,Bacteria,Bacteroidota,Bacteroidia,Bacteroidales,Prevotellaceae,Prevotella,Prevotella Prevotella_stercorea,NA
d__Bacteria; p__Firmicutes; c__Clostridia; o__Christensenellales; f__Christensenellaceae; g__Christensenellaceae_R-7_group; s__human_gut,Bacteria,Firmicutes,Clostridia,Christensenellales,Christensenellaceae,Christensenellaceae_R-7_group,Christensenellaceae_R-7_group human_gut,NA
d__Bacteria; p__Firmicutes; c__Clostridia; o__Oscillospirales; f__Ruminococcaceae; g__Incertae_Sedis; s__uncultured_organism,Bacteria,Firmicutes,Clostridia,Oscillospirales,Ruminococcaceae,Incertae_Sedis,Incertae_Sedis uncultured_organism,NA
d__Bacteria; p__Firmicutes; c__Clostridia; o__Oscillospirales; f__[Eubacterium]_coprostanoligenes_group; g__[Eubacterium]_coprostanoligenes_group; s__human_gut,Bacteria,Firmicutes,Clostridia,Oscillospirales,[Eubacterium]_coprostanoligenes_group,[Eubacterium]_coprostanoligenes_group,[Eubacterium]_coprostanoligenes_group human_gut,NA
d__Bacteria; p__Firmicutes; c__Negativicutes; o__Acidaminococcales; f__Acidaminococcaceae; g__Phascolarctobacterium; s__Ruminococcus_sp.,Bacteria,Firmicutes,Negativicutes,Acidaminococcales,Acidaminococcaceae,Phascolarctobacterium,Phascolarctobacterium Ruminococcus_sp.,NA
d__Bacteria; p__Bacteroidota; c__Bacteroidia; o__Bacteroidales; f__Prevotellaceae; g__Paraprevotella,Bacteria,Bacteroidota,Bacteroidia,Bacteroidales,Prevotellaceae,Paraprevotella,Unclassified  Paraprevotella,NA
d__Bacteria; p__Firmicutes; c__Bacilli; o__Bacillales; f__Bacillaceae; g__Bacillus,Bacteria,Firmicutes,Bacilli,Bacillales,Bacillaceae,Bacillus,Unclassified  Bacillus,NA
d__Bacteria; p__Firmicutes; c__Clostridia; o__Clostridia_UCG-014; f__Clostridia_UCG-014; g__Clostridia_UCG-014; s__uncultured_bacterium,Bacteria,Firmicutes,Clostridia,Clostridia_UCG-014,Clostridia_UCG-014,Clostridia_UCG-014,Clostridia_UCG-014 uncultured_bacterium,NA
d__Bacteria; p__Firmicutes; c__Bacilli; o__Erysipelotrichales; f__Erysipelotrichaceae; g__Holdemanella,Bacteria,Firmicutes,Bacilli,Erysipelotrichales,Erysipelotrichaceae,Holdemanella,Unclassified  Holdemanella,NA
d__Bacteria; p__Firmicutes; c__Clostridia; o__Oscillospirales; f__Oscillospiraceae; g__Oscillibacter; s__gut_metagenome,Bacteria,Firmicutes,Clostridia,Oscillospirales,Oscillospiraceae,Oscillibacter,Oscillibacter gut_metagenome,NA
d__Bacteria; p__Bacteroidota; c__Bacteroidia; o__Bacteroidales; f__Prevotellaceae; g__Paraprevotella; s__Paraprevotella_clara,Bacteria,Bacteroidota,Bacteroidia,Bacteroidales,Prevotellaceae,Paraprevotella,Paraprevotella Paraprevotella_clara,NA
d__Bacteria; p__Firmicutes; c__Clostridia; o__Lachnospirales; f__Lachnospiraceae; g__Lachnospira,Bacteria,Firmicutes,Clostridia,Lachnospirales,Lachnospiraceae,Lachnospira,Unclassified  Lachnospira,NA
d__Bacteria; p__Firmicutes; c__Clostridia; o__Peptostreptococcales-Tissierellales; f__Peptostreptococcales-Tissierellales; g__Anaerococcus; s__Anaerococcus_vaginalis,Bacteria,Firmicutes,Clostridia,Peptostreptococcales-Tissierellales,Peptostreptococcales-Tissierellales,Anaerococcus,Anaerococcus Anaerococcus_vaginalis,NA
d__Bacteria; p__Bacteroidota; c__Bacteroidia; o__Bacteroidales; f__Prevotellaceae; g__Prevotella; s__Prevotella_bivia,Bacteria,Bacteroidota,Bacteroidia,Bacteroidales,Prevotellaceae,Prevotella,Prevotella Prevotella_bivia,NA
d__Bacteria; p__Firmicutes; c__Clostridia; o__Lachnospirales; f__Lachnospiraceae; g__Roseburia,Bacteria,Firmicutes,Clostridia,Lachnospirales,Lachnospiraceae,Roseburia,Unclassified  Roseburia,NA
d__Bacteria; p__Bacteroidota; c__Bacteroidia; o__Bacteroidales; f__Muribaculaceae; g__Muribaculaceae,Bacteria,Bacteroidota,Bacteroidia,Bacteroidales,Muribaculaceae,Muribaculaceae,Unclassified  Muribaculaceae,NA
d__Bacteria; p__Proteobacteria; c__Gammaproteobacteria; o__Burkholderiales; f__Comamonadaceae,Bacteria,Proteobacteria,Gammaproteobacteria,Burkholderiales,Comamonadaceae,Unclassified Comamonadaceae,Unclassified Comamonadaceae,NA
d__Bacteria; p__Firmicutes; c__Clostridia; o__Oscillospirales; f__Ruminococcaceae; g__UBA1819,Bacteria,Firmicutes,Clostridia,Oscillospirales,Ruminococcaceae,UBA1819,Unclassified  UBA1819,NA
d__Bacteria; p__Proteobacteria; c__Alphaproteobacteria; o__Rhodospirillales; f__uncultured; g__uncultured; s__uncultured_bacterium,Bacteria,Proteobacteria,Alphaproteobacteria,Rhodospirillales,uncultured,uncultured,uncultured uncultured_bacterium,NA
d__Bacteria; p__Firmicutes; c__Clostridia; o__Christensenellales; f__Christensenellaceae; g__Christensenellaceae_R-7_group; s__uncultured_marine,Bacteria,Firmicutes,Clostridia,Christensenellales,Christensenellaceae,Christensenellaceae_R-7_group,Christensenellaceae_R-7_group uncultured_marine,NA
d__Bacteria; p__Bacteroidota; c__Bacteroidia; o__Bacteroidales; f__Bacteroidaceae; g__Bacteroides; s__Bacteroides_massiliensis,Bacteria,Bacteroidota,Bacteroidia,Bacteroidales,Bacteroidaceae,Bacteroides,Bacteroides Bacteroides_massiliensis,NA
d__Bacteria; p__Firmicutes; c__Clostridia; o__Oscillospirales,Bacteria,Firmicutes,Clostridia,Oscillospirales,Unclassified Oscillospirales,Unclassified Oscillospirales,Unclassified Oscillospirales,NA
d__Bacteria; p__Firmicutes; c__Clostridia; o__Monoglobales; f__Monoglobaceae; g__Monoglobus,Bacteria,Firmicutes,Clostridia,Monoglobales,Monoglobaceae,Monoglobus,Unclassified  Monoglobus,NA
d__Bacteria; p__Firmicutes; c__Clostridia; o__Clostridia_vadinBB60_group; f__Clostridia_vadinBB60_group; g__Clostridia_vadinBB60_group; s__uncultured_Thermoanaerobacterales,Bacteria,Firmicutes,Clostridia,Clostridia_vadinBB60_group,Clostridia_vadinBB60_group,Clostridia_vadinBB60_group,Clostridia_vadinBB60_group uncultured_Thermoanaerobacterales,NA
d__Bacteria; p__Firmicutes; c__Clostridia; o__Lachnospirales; f__Lachnospiraceae; g__Lactonifactor,Bacteria,Firmicutes,Clostridia,Lachnospirales,Lachnospiraceae,Lactonifactor,Unclassified  Lactonifactor,NA
d__Bacteria; p__Firmicutes; c__Bacilli; o__RF39; f__RF39; g__RF39,Bacteria,Firmicutes,Bacilli,RF39,RF39,RF39,Unclassified  RF39,NA
d__Bacteria; p__Firmicutes; c__Clostridia; o__Lachnospirales; f__Lachnospiraceae; g__Tyzzerella; s__uncultured_bacterium,Bacteria,Firmicutes,Clostridia,Lachnospirales,Lachnospiraceae,Tyzzerella,Tyzzerella uncultured_bacterium,NA
d__Bacteria; p__Firmicutes; c__Clostridia; o__Oscillospirales; f__Oscillospiraceae; g__uncultured; s__metagenome,Bacteria,Firmicutes,Clostridia,Oscillospirales,Oscillospiraceae,uncultured,uncultured metagenome,NA
d__Bacteria; p__Firmicutes; c__Clostridia; o__Lachnospirales; f__Lachnospiraceae; g__Lachnospiraceae_UCG-003,Bacteria,Firmicutes,Clostridia,Lachnospirales,Lachnospiraceae,Lachnospiraceae_UCG-003,Unclassified  Lachnospiraceae_UCG-003,NA
d__Bacteria; p__Firmicutes; c__Negativicutes; o__Acidaminococcales; f__Acidaminococcaceae; g__Phascolarctobacterium,Bacteria,Firmicutes,Negativicutes,Acidaminococcales,Acidaminococcaceae,Phascolarctobacterium,Unclassified  Phascolarctobacterium,NA
d__Bacteria; p__Bacteroidota; c__Bacteroidia; o__Bacteroidales; f__Rikenellaceae; g__Alistipes; s__uncultured_bacterium,Bacteria,Bacteroidota,Bacteroidia,Bacteroidales,Rikenellaceae,Alistipes,Alistipes uncultured_bacterium,NA
d__Bacteria; p__Firmicutes; c__Clostridia; o__Oscillospirales; f__Butyricicoccaceae; g__UCG-009; s__uncultured_bacterium,Bacteria,Firmicutes,Clostridia,Oscillospirales,Butyricicoccaceae,UCG-009,UCG-009 uncultured_bacterium,NA
d__Bacteria; p__Firmicutes; c__Clostridia; o__Peptostreptococcales-Tissierellales; f__Peptostreptococcales-Tissierellales; g__Anaerococcus,Bacteria,Firmicutes,Clostridia,Peptostreptococcales-Tissierellales,Peptostreptococcales-Tissierellales,Anaerococcus,Unclassified  Anaerococcus,NA
d__Bacteria; p__Firmicutes; c__Clostridia; o__Oscillospirales; f__Oscillospirales; g__Hydrogenoanaerobacterium; s__Selenomonadales_bacterium,Bacteria,Firmicutes,Clostridia,Oscillospirales,Oscillospirales,Hydrogenoanaerobacterium,Hydrogenoanaerobacterium Selenomonadales_bacterium,NA
d__Bacteria; p__Firmicutes; c__Clostridia; o__Lachnospirales; f__Lachnospiraceae; g__Lachnospiraceae_NK4B4_group; s__uncultured_bacterium,Bacteria,Firmicutes,Clostridia,Lachnospirales,Lachnospiraceae,Lachnospiraceae_NK4B4_group,Lachnospiraceae_NK4B4_group uncultured_bacterium,NA
d__Bacteria; p__Proteobacteria; c__Gammaproteobacteria; o__Burkholderiales; f__Oxalobacteraceae,Bacteria,Proteobacteria,Gammaproteobacteria,Burkholderiales,Oxalobacteraceae,Unclassified Oxalobacteraceae,Unclassified Oxalobacteraceae,NA
d__Bacteria; p__Verrucomicrobiota; c__Verrucomicrobiae; o__Verrucomicrobiales; f__Akkermansiaceae; g__Akkermansia,Bacteria,Verrucomicrobiota,Verrucomicrobiae,Verrucomicrobiales,Akkermansiaceae,Akkermansia,Unclassified  Akkermansia,NA
d__Bacteria; p__Firmicutes; c__Clostridia; o__Oscillospirales; f__Ruminococcaceae; g__Incertae_Sedis,Bacteria,Firmicutes,Clostridia,Oscillospirales,Ruminococcaceae,Incertae_Sedis,Unclassified  Incertae_Sedis,NA
d__Bacteria; p__Verrucomicrobiota; c__Lentisphaeria; o__Victivallales; f__Victivallaceae; g__Victivallis,Bacteria,Verrucomicrobiota,Lentisphaeria,Victivallales,Victivallaceae,Victivallis,Unclassified  Victivallis,NA
d__Bacteria; p__Proteobacteria; c__Gammaproteobacteria; o__Pseudomonadales; f__Moraxellaceae; g__Acinetobacter,Bacteria,Proteobacteria,Gammaproteobacteria,Pseudomonadales,Moraxellaceae,Acinetobacter,Unclassified  Acinetobacter,NA
d__Bacteria; p__Bacteroidota; c__Bacteroidia; o__Bacteroidales; f__Bacteroidaceae; g__Bacteroides; s__Bacteroides_coprocola,Bacteria,Bacteroidota,Bacteroidia,Bacteroidales,Bacteroidaceae,Bacteroides,Bacteroides Bacteroides_coprocola,NA
d__Bacteria; p__Bacteroidota; c__Bacteroidia; o__Bacteroidales; f__Bacteroidaceae; g__Bacteroides; s__Bacteroides_clarus,Bacteria,Bacteroidota,Bacteroidia,Bacteroidales,Bacteroidaceae,Bacteroides,Bacteroides Bacteroides_clarus,NA
d__Bacteria; p__Firmicutes; c__Clostridia; o__Lachnospirales; f__Lachnospiraceae; g__Blautia; s__Blautia_faecis,Bacteria,Firmicutes,Clostridia,Lachnospirales,Lachnospiraceae,Blautia,Blautia Blautia_faecis,NA
d__Bacteria; p__Bacteroidota; c__Bacteroidia; o__Bacteroidales; f__Tannerellaceae; g__Parabacteroides; s__Parabacteroides_merdae,Bacteria,Bacteroidota,Bacteroidia,Bacteroidales,Tannerellaceae,Parabacteroides,Parabacteroides Parabacteroides_merdae,NA
d__Bacteria; p__Bacteroidota; c__Bacteroidia; o__Bacteroidales; f__Porphyromonadaceae; g__Porphyromonas,Bacteria,Bacteroidota,Bacteroidia,Bacteroidales,Porphyromonadaceae,Porphyromonas,Unclassified  Porphyromonas,NA
d__Bacteria; p__Firmicutes; c__Clostridia; o__Lachnospirales; f__Lachnospiraceae; g__Fusicatenibacter,Bacteria,Firmicutes,Clostridia,Lachnospirales,Lachnospiraceae,Fusicatenibacter,Unclassified  Fusicatenibacter,NA
d__Bacteria; p__Firmicutes; c__Clostridia; o__Lachnospirales; f__Lachnospiraceae; g__[Eubacterium]_ruminantium_group,Bacteria,Firmicutes,Clostridia,Lachnospirales,Lachnospiraceae,[Eubacterium]_ruminantium_group,Unclassified  [Eubacterium]_ruminantium_group,NA
d__Bacteria; p__Firmicutes; c__Clostridia; o__Oscillospirales; f__Ruminococcaceae; g__Incertae_Sedis; s__[Clostridium]_leptum,Bacteria,Firmicutes,Clostridia,Oscillospirales,Ruminococcaceae,Incertae_Sedis,Incertae_Sedis [Clostridium]_leptum,NA
d__Bacteria; p__Firmicutes; c__Clostridia; o__Oscillospirales; f__[Eubacterium]_coprostanoligenes_group; g__[Eubacterium]_coprostanoligenes_group; s__Clostridiales_bacterium,Bacteria,Firmicutes,Clostridia,Oscillospirales,[Eubacterium]_coprostanoligenes_group,[Eubacterium]_coprostanoligenes_group,[Eubacterium]_coprostanoligenes_group Clostridiales_bacterium,NA
d__Bacteria; p__Firmicutes; c__Bacilli; o__Erysipelotrichales; f__Erysipelotrichaceae; g__Dielma; s__Clostridium_sp.,Bacteria,Firmicutes,Bacilli,Erysipelotrichales,Erysipelotrichaceae,Dielma,Dielma Clostridium_sp.,NA
d__Bacteria; p__Actinobacteriota; c__Coriobacteriia; o__Coriobacteriales; f__Coriobacteriaceae; g__Collinsella; s__uncultured_bacterium,Bacteria,Actinobacteriota,Coriobacteriia,Coriobacteriales,Coriobacteriaceae,Collinsella,Collinsella uncultured_bacterium,NA
d__Bacteria; p__Bacteroidota; c__Bacteroidia; o__Bacteroidales; f__Prevotellaceae; g__uncultured; s__uncultured_bacterium,Bacteria,Bacteroidota,Bacteroidia,Bacteroidales,Prevotellaceae,uncultured,uncultured uncultured_bacterium,NA
d__Bacteria; p__Bacteroidota; c__Bacteroidia; o__Bacteroidales; f__Prevotellaceae; g__Alloprevotella,Bacteria,Bacteroidota,Bacteroidia,Bacteroidales,Prevotellaceae,Alloprevotella,Unclassified  Alloprevotella,NA
d__Bacteria; p__Firmicutes; c__Clostridia; o__Clostridia_vadinBB60_group; f__Clostridia_vadinBB60_group; g__Clostridia_vadinBB60_group; s__uncultured_bacterium,Bacteria,Firmicutes,Clostridia,Clostridia_vadinBB60_group,Clostridia_vadinBB60_group,Clostridia_vadinBB60_group,Clostridia_vadinBB60_group uncultured_bacterium,NA
d__Bacteria; p__Proteobacteria; c__Alphaproteobacteria; o__Rhodospirillales; f__uncultured; g__uncultured,Bacteria,Proteobacteria,Alphaproteobacteria,Rhodospirillales,uncultured,uncultured,Unclassified  uncultured,NA
d__Bacteria; p__Actinobacteriota; c__Coriobacteriia; o__Coriobacteriales; f__Coriobacteriaceae; g__Collinsella; s__Collinsella_tanakaei,Bacteria,Actinobacteriota,Coriobacteriia,Coriobacteriales,Coriobacteriaceae,Collinsella,Collinsella Collinsella_tanakaei,NA
d__Bacteria; p__Firmicutes; c__Clostridia; o__Lachnospirales; f__Lachnospiraceae; g__Butyrivibrio; s__Butyrivibrio_crossotus,Bacteria,Firmicutes,Clostridia,Lachnospirales,Lachnospiraceae,Butyrivibrio,Butyrivibrio Butyrivibrio_crossotus,NA
d__Bacteria; p__Actinobacteriota; c__Actinobacteria; o__Actinomycetales; f__Actinomycetaceae; g__Varibaculum,Bacteria,Actinobacteriota,Actinobacteria,Actinomycetales,Actinomycetaceae,Varibaculum,Unclassified  Varibaculum,NA
d__Archaea; p__Euryarchaeota; c__Methanobacteria; o__Methanobacteriales; f__Methanobacteriaceae; g__Methanobrevibacter; s__uncultured_Methanobacteriales,Archaea,Euryarchaeota,Methanobacteria,Methanobacteriales,Methanobacteriaceae,Methanobrevibacter,Methanobrevibacter uncultured_Methanobacteriales,NA
d__Bacteria; p__Firmicutes; c__Clostridia; o__Lachnospirales; f__Lachnospiraceae; g__[Eubacterium]_xylanophilum_group,Bacteria,Firmicutes,Clostridia,Lachnospirales,Lachnospiraceae,[Eubacterium]_xylanophilum_group,Unclassified  [Eubacterium]_xylanophilum_group,NA
d__Bacteria; p__Actinobacteriota; c__Coriobacteriia; o__Coriobacteriales; f__Eggerthellaceae; g__uncultured; s__metagenome,Bacteria,Actinobacteriota,Coriobacteriia,Coriobacteriales,Eggerthellaceae,uncultured,uncultured metagenome,NA
d__Bacteria; p__Bacteroidota; c__Bacteroidia; o__Bacteroidales; f__Tannerellaceae,Bacteria,Bacteroidota,Bacteroidia,Bacteroidales,Tannerellaceae,Unclassified Tannerellaceae,Unclassified Tannerellaceae,NA
d__Bacteria; p__Firmicutes; c__Clostridia; o__Peptococcales; f__Peptococcaceae; g__Peptococcus; s__uncultured_bacterium,Bacteria,Firmicutes,Clostridia,Peptococcales,Peptococcaceae,Peptococcus,Peptococcus uncultured_bacterium,NA
d__Bacteria; p__Actinobacteriota; c__Actinobacteria; o__Actinomycetales; f__Actinomycetaceae; g__Actinomyces,Bacteria,Actinobacteriota,Actinobacteria,Actinomycetales,Actinomycetaceae,Actinomyces,Unclassified  Actinomyces,NA
d__Bacteria; p__Firmicutes; c__Clostridia; o__Lachnospirales; f__Lachnospiraceae; g__Tyzzerella; s__Tyzzerella_sp.,Bacteria,Firmicutes,Clostridia,Lachnospirales,Lachnospiraceae,Tyzzerella,Tyzzerella Tyzzerella_sp.,NA
d__Bacteria; p__Firmicutes; c__Clostridia; o__Lachnospirales; f__Lachnospiraceae; g__Lachnospiraceae_FCS020_group; s__uncultured_Clostridium,Bacteria,Firmicutes,Clostridia,Lachnospirales,Lachnospiraceae,Lachnospiraceae_FCS020_group,Lachnospiraceae_FCS020_group uncultured_Clostridium,NA
d__Bacteria; p__Firmicutes; c__Clostridia; o__Lachnospirales; f__Lachnospiraceae; g__Agathobacter,Bacteria,Firmicutes,Clostridia,Lachnospirales,Lachnospiraceae,Agathobacter,Unclassified  Agathobacter,NA
d__Bacteria; p__Proteobacteria; c__Gammaproteobacteria; o__Xanthomonadales; f__Xanthomonadaceae; g__Stenotrophomonas,Bacteria,Proteobacteria,Gammaproteobacteria,Xanthomonadales,Xanthomonadaceae,Stenotrophomonas,Unclassified  Stenotrophomonas,NA
d__Bacteria; p__Firmicutes; c__Clostridia; o__Lachnospirales; f__Lachnospiraceae; g__GCA-900066575,Bacteria,Firmicutes,Clostridia,Lachnospirales,Lachnospiraceae,GCA-900066575,Unclassified  GCA-900066575,NA
d__Bacteria; p__Bacteroidota; c__Bacteroidia; o__Bacteroidales; f__Porphyromonadaceae; g__Porphyromonas; s__Porphyromonas_uenonis,Bacteria,Bacteroidota,Bacteroidia,Bacteroidales,Porphyromonadaceae,Porphyromonas,Porphyromonas Porphyromonas_uenonis,NA
d__Bacteria; p__Firmicutes; c__Bacilli; o__Erysipelotrichales; f__Erysipelotrichaceae; g__Faecalitalea,Bacteria,Firmicutes,Bacilli,Erysipelotrichales,Erysipelotrichaceae,Faecalitalea,Unclassified  Faecalitalea,NA
d__Bacteria; p__Bacteroidota; c__Bacteroidia; o__Bacteroidales; f__Prevotellaceae; g__Prevotella; s__Massiliprevotella_massiliensis,Bacteria,Bacteroidota,Bacteroidia,Bacteroidales,Prevotellaceae,Prevotella,Prevotella Massiliprevotella_massiliensis,NA
d__Bacteria; p__Verrucomicrobiota; c__Verrucomicrobiae; o__Verrucomicrobiales; f__Akkermansiaceae; g__Akkermansia; s__uncultured_bacterium,Bacteria,Verrucomicrobiota,Verrucomicrobiae,Verrucomicrobiales,Akkermansiaceae,Akkermansia,Akkermansia uncultured_bacterium,NA
d__Bacteria; p__Firmicutes; c__Clostridia; o__Lachnospirales; f__Lachnospiraceae; g__CAG-56,Bacteria,Firmicutes,Clostridia,Lachnospirales,Lachnospiraceae,CAG-56,Unclassified  CAG-56,NA
d__Bacteria; p__Bacteroidota; c__Bacteroidia; o__Bacteroidales; f__Rikenellaceae; g__Alistipes; s__Alistipes_shahii,Bacteria,Bacteroidota,Bacteroidia,Bacteroidales,Rikenellaceae,Alistipes,Alistipes Alistipes_shahii,NA
d__Bacteria; p__Firmicutes; c__Clostridia; o__Lachnospirales; f__Lachnospiraceae; g__[Ruminococcus]_gnavus_group,Bacteria,Firmicutes,Clostridia,Lachnospirales,Lachnospiraceae,[Ruminococcus]_gnavus_group,Unclassified  [Ruminococcus]_gnavus_group,NA
d__Bacteria; p__Firmicutes; c__Clostridia; o__Oscillospirales; f__Oscillospiraceae; g__UCG-002; s__uncultured_bacterium,Bacteria,Firmicutes,Clostridia,Oscillospirales,Oscillospiraceae,UCG-002,UCG-002 uncultured_bacterium,NA
d__Bacteria; p__Proteobacteria; c__Gammaproteobacteria; o__Enterobacterales; f__Morganellaceae; g__Morganella,Bacteria,Proteobacteria,Gammaproteobacteria,Enterobacterales,Morganellaceae,Morganella,Unclassified  Morganella,NA
d__Bacteria; p__Bacteroidota; c__Bacteroidia; o__Bacteroidales; f__uncultured; g__uncultured; s__gut_metagenome,Bacteria,Bacteroidota,Bacteroidia,Bacteroidales,uncultured,uncultured,uncultured gut_metagenome,NA
d__Bacteria; p__Firmicutes; c__Bacilli; o__RF39; f__RF39; g__RF39; s__uncultured_bacterium,Bacteria,Firmicutes,Bacilli,RF39,RF39,RF39,RF39 uncultured_bacterium,NA
d__Bacteria; p__Firmicutes; c__Clostridia; o__Lachnospirales; f__Lachnospiraceae; g__[Ruminococcus]_gauvreauii_group,Bacteria,Firmicutes,Clostridia,Lachnospirales,Lachnospiraceae,[Ruminococcus]_gauvreauii_group,Unclassified  [Ruminococcus]_gauvreauii_group,NA
d__Bacteria; p__Firmicutes; c__Clostridia; o__Oscillospirales; f__Oscillospiraceae; g__Intestinimonas,Bacteria,Firmicutes,Clostridia,Oscillospirales,Oscillospiraceae,Intestinimonas,Unclassified  Intestinimonas,NA
d__Bacteria; p__Firmicutes; c__Bacilli; o__Erysipelotrichales; f__Erysipelotrichaceae; g__Holdemania,Bacteria,Firmicutes,Bacilli,Erysipelotrichales,Erysipelotrichaceae,Holdemania,Unclassified  Holdemania,NA
d__Bacteria; p__Firmicutes; c__Clostridia; o__Lachnospirales; f__Lachnospiraceae; g__Butyrivibrio,Bacteria,Firmicutes,Clostridia,Lachnospirales,Lachnospiraceae,Butyrivibrio,Unclassified  Butyrivibrio,NA
d__Bacteria; p__Bacteroidota; c__Bacteroidia; o__Bacteroidales; f__Prevotellaceae; g__Prevotellaceae_NK3B31_group; s__uncultured_bacterium,Bacteria,Bacteroidota,Bacteroidia,Bacteroidales,Prevotellaceae,Prevotellaceae_NK3B31_group,Prevotellaceae_NK3B31_group uncultured_bacterium,NA
d__Bacteria; p__Actinobacteriota; c__Coriobacteriia; o__Coriobacteriales; f__Eggerthellaceae; g__Senegalimassilia,Bacteria,Actinobacteriota,Coriobacteriia,Coriobacteriales,Eggerthellaceae,Senegalimassilia,Unclassified  Senegalimassilia,NA
d__Bacteria; p__Bacteroidota; c__Bacteroidia; o__Bacteroidales; f__Prevotellaceae; g__uncultured; s__Prevotella_sp.,Bacteria,Bacteroidota,Bacteroidia,Bacteroidales,Prevotellaceae,uncultured,uncultured Prevotella_sp.,NA
d__Bacteria; p__Firmicutes; c__Bacilli; o__Erysipelotrichales; f__Erysipelotrichaceae; g__Holdemania; s__Holdemania_filiformis,Bacteria,Firmicutes,Bacilli,Erysipelotrichales,Erysipelotrichaceae,Holdemania,Holdemania Holdemania_filiformis,NA
d__Bacteria; p__Proteobacteria; c__Gammaproteobacteria; o__Burkholderiales; f__Sutterellaceae; g__Sutterella; s__Sutterella_stercoricanis,Bacteria,Proteobacteria,Gammaproteobacteria,Burkholderiales,Sutterellaceae,Sutterella,Sutterella Sutterella_stercoricanis,NA
d__Bacteria; p__Bacteroidota; c__Bacteroidia; o__Bacteroidales; f__Bacteroidaceae; g__Bacteroides; s__Bacteroides_eggerthii,Bacteria,Bacteroidota,Bacteroidia,Bacteroidales,Bacteroidaceae,Bacteroides,Bacteroides Bacteroides_eggerthii,NA
d__Bacteria; p__Desulfobacterota; c__Desulfovibrionia; o__Desulfovibrionales; f__Desulfovibrionaceae; g__Bilophila,Bacteria,Desulfobacterota,Desulfovibrionia,Desulfovibrionales,Desulfovibrionaceae,Bilophila,Unclassified  Bilophila,NA
d__Bacteria; p__Firmicutes; c__Clostridia; o__Lachnospirales; f__Lachnospiraceae; g__Agathobacter; s__Eubacterium_ramulus,Bacteria,Firmicutes,Clostridia,Lachnospirales,Lachnospiraceae,Agathobacter,Agathobacter Eubacterium_ramulus,NA
d__Bacteria; p__Firmicutes; c__Bacilli; o__Bacillales; f__Bacillaceae; g__Oceanobacillus,Bacteria,Firmicutes,Bacilli,Bacillales,Bacillaceae,Oceanobacillus,Unclassified  Oceanobacillus,NA
d__Bacteria; p__Bacteroidota; c__Bacteroidia; o__Bacteroidales,Bacteria,Bacteroidota,Bacteroidia,Bacteroidales,Unclassified Bacteroidales,Unclassified Bacteroidales,Unclassified Bacteroidales,NA
d__Bacteria; p__Proteobacteria; c__Gammaproteobacteria; o__Aeromonadales; f__Aeromonadaceae; g__Aeromonas,Bacteria,Proteobacteria,Gammaproteobacteria,Aeromonadales,Aeromonadaceae,Aeromonas,Unclassified  Aeromonas,NA
d__Bacteria; p__Firmicutes; c__Clostridia; o__Oscillospirales; f__Ruminococcaceae; g__[Eubacterium]_siraeum_group; s__gut_metagenome,Bacteria,Firmicutes,Clostridia,Oscillospirales,Ruminococcaceae,[Eubacterium]_siraeum_group,[Eubacterium]_siraeum_group gut_metagenome,NA
d__Bacteria; p__Firmicutes; c__Clostridia; o__Oscillospirales; f__Oscillospiraceae; g__UCG-002; s__uncultured_rumen,Bacteria,Firmicutes,Clostridia,Oscillospirales,Oscillospiraceae,UCG-002,UCG-002 uncultured_rumen,NA
d__Bacteria; p__Firmicutes; c__Clostridia; o__Peptostreptococcales-Tissierellales; f__Anaerovoracaceae,Bacteria,Firmicutes,Clostridia,Peptostreptococcales-Tissierellales,Anaerovoracaceae,Unclassified Anaerovoracaceae,Unclassified Anaerovoracaceae,NA
d__Bacteria; p__Bacteroidota; c__Bacteroidia; o__Bacteroidales; f__Prevotellaceae; g__Prevotella; s__Prevotella_buccae,Bacteria,Bacteroidota,Bacteroidia,Bacteroidales,Prevotellaceae,Prevotella,Prevotella Prevotella_buccae,NA
d__Bacteria; p__Bacteroidota; c__Bacteroidia; o__Bacteroidales; f__Prevotellaceae; g__Prevotella; s__Prevotella_bergensis,Bacteria,Bacteroidota,Bacteroidia,Bacteroidales,Prevotellaceae,Prevotella,Prevotella Prevotella_bergensis,NA
d__Bacteria; p__Firmicutes; c__Clostridia; o__Lachnospirales; f__Lachnospiraceae; g__[Eubacterium]_fissicatena_group,Bacteria,Firmicutes,Clostridia,Lachnospirales,Lachnospiraceae,[Eubacterium]_fissicatena_group,Unclassified  [Eubacterium]_fissicatena_group,NA
d__Bacteria; p__Firmicutes; c__Clostridia; o__Oscillospirales; f__[Eubacterium]_coprostanoligenes_group; g__[Eubacterium]_coprostanoligenes_group; s__metagenome,Bacteria,Firmicutes,Clostridia,Oscillospirales,[Eubacterium]_coprostanoligenes_group,[Eubacterium]_coprostanoligenes_group,[Eubacterium]_coprostanoligenes_group metagenome,NA
d__Bacteria; p__Campilobacterota; c__Campylobacteria; o__Campylobacterales; f__Campylobacteraceae; g__Campylobacter; s__Campylobacter_ureolyticus,Bacteria,Campilobacterota,Campylobacteria,Campylobacterales,Campylobacteraceae,Campylobacter,Campylobacter Campylobacter_ureolyticus,NA
d__Bacteria; p__Firmicutes; c__Clostridia; o__Oscillospirales; f__Ruminococcaceae; g__Negativibacillus; s__Ruminococcus_sp.,Bacteria,Firmicutes,Clostridia,Oscillospirales,Ruminococcaceae,Negativibacillus,Negativibacillus Ruminococcus_sp.,NA
d__Bacteria; p__Firmicutes; c__Clostridia; o__Lachnospirales; f__Lachnospiraceae; g__Lachnoclostridium; s__[Clostridium]_hylemonae,Bacteria,Firmicutes,Clostridia,Lachnospirales,Lachnospiraceae,Lachnoclostridium,Lachnoclostridium [Clostridium]_hylemonae,NA
d__Bacteria; p__Firmicutes; c__Clostridia; o__Lachnospirales; f__Lachnospiraceae; g__Anaerosporobacter; s__uncultured_bacterium,Bacteria,Firmicutes,Clostridia,Lachnospirales,Lachnospiraceae,Anaerosporobacter,Anaerosporobacter uncultured_bacterium,NA
d__Bacteria; p__Firmicutes; c__Bacilli; o__Izemoplasmatales; f__Izemoplasmatales; g__Izemoplasmatales; s__uncultured_organism,Bacteria,Firmicutes,Bacilli,Izemoplasmatales,Izemoplasmatales,Izemoplasmatales,Izemoplasmatales uncultured_organism,NA
d__Bacteria; p__Bacteroidota; c__Bacteroidia; o__Bacteroidales; f__Rikenellaceae; g__Alistipes; s__Alistipes_obesi,Bacteria,Bacteroidota,Bacteroidia,Bacteroidales,Rikenellaceae,Alistipes,Alistipes Alistipes_obesi,NA
d__Bacteria; p__Firmicutes; c__Clostridia; o__Oscillospirales; f__Ruminococcaceae; g__DTU089,Bacteria,Firmicutes,Clostridia,Oscillospirales,Ruminococcaceae,DTU089,Unclassified  DTU089,NA
d__Bacteria; p__Firmicutes; c__Bacilli; o__Erysipelotrichales; f__Erysipelotrichaceae; g__Erysipelotrichaceae_UCG-006; s__uncultured_bacterium,Bacteria,Firmicutes,Bacilli,Erysipelotrichales,Erysipelotrichaceae,Erysipelotrichaceae_UCG-006,Erysipelotrichaceae_UCG-006 uncultured_bacterium,NA
d__Bacteria; p__Firmicutes; c__Clostridia; o__Oscillospirales; f__Oscillospiraceae; g__Oscillibacter; s__human_gut,Bacteria,Firmicutes,Clostridia,Oscillospirales,Oscillospiraceae,Oscillibacter,Oscillibacter human_gut,NA
d__Bacteria; p__Desulfobacterota; c__Desulfovibrionia; o__Desulfovibrionales; f__Desulfovibrionaceae; g__uncultured,Bacteria,Desulfobacterota,Desulfovibrionia,Desulfovibrionales,Desulfovibrionaceae,uncultured,Unclassified  uncultured,NA
d__Bacteria; p__Bacteroidota; c__Bacteroidia; o__Bacteroidales; f__Prevotellaceae; g__Prevotella; s__Prevotella_buccalis,Bacteria,Bacteroidota,Bacteroidia,Bacteroidales,Prevotellaceae,Prevotella,Prevotella Prevotella_buccalis,NA
d__Bacteria; p__Firmicutes; c__Clostridia; o__Peptostreptococcales-Tissierellales; f__Anaerovoracaceae; g__Family_XIII_AD3011_group,Bacteria,Firmicutes,Clostridia,Peptostreptococcales-Tissierellales,Anaerovoracaceae,Family_XIII_AD3011_group,Unclassified  Family_XIII_AD3011_group,NA
d__Bacteria; p__Firmicutes; c__Clostridia; o__Oscillospirales; f__Ruminococcaceae; g__uncultured; s__uncultured_Ruminococcus,Bacteria,Firmicutes,Clostridia,Oscillospirales,Ruminococcaceae,uncultured,uncultured uncultured_Ruminococcus,NA
d__Bacteria; p__Firmicutes; c__Clostridia; o__Oscillospirales; f__Ruminococcaceae; g__uncultured; s__gut_metagenome,Bacteria,Firmicutes,Clostridia,Oscillospirales,Ruminococcaceae,uncultured,uncultured gut_metagenome,NA
d__Bacteria; p__Verrucomicrobiota; c__Verrucomicrobiae; o__Verrucomicrobiales; f__Akkermansiaceae; g__Akkermansia; s__Akkermansia_sp.,Bacteria,Verrucomicrobiota,Verrucomicrobiae,Verrucomicrobiales,Akkermansiaceae,Akkermansia,Akkermansia Akkermansia_sp.,NA
d__Bacteria; p__Firmicutes; c__Clostridia; o__Oscillospirales; f__Ruminococcaceae; g__Incertae_Sedis; s__uncultured_bacterium,Bacteria,Firmicutes,Clostridia,Oscillospirales,Ruminococcaceae,Incertae_Sedis,Incertae_Sedis uncultured_bacterium,NA
d__Bacteria; p__Firmicutes; c__Clostridia; o__Lachnospirales; f__Lachnospiraceae; g__Tyzzerella,Bacteria,Firmicutes,Clostridia,Lachnospirales,Lachnospiraceae,Tyzzerella,Unclassified  Tyzzerella,NA
d__Bacteria; p__Firmicutes; c__Clostridia; o__Oscillospirales; f__[Eubacterium]_coprostanoligenes_group; g__[Eubacterium]_coprostanoligenes_group; s__unidentified,Bacteria,Firmicutes,Clostridia,Oscillospirales,[Eubacterium]_coprostanoligenes_group,[Eubacterium]_coprostanoligenes_group,[Eubacterium]_coprostanoligenes_group unidentified,NA
d__Bacteria; p__Fusobacteriota; c__Fusobacteriia; o__Fusobacteriales; f__Fusobacteriaceae; g__Fusobacterium,Bacteria,Fusobacteriota,Fusobacteriia,Fusobacteriales,Fusobacteriaceae,Fusobacterium,Unclassified  Fusobacterium,NA
d__Bacteria; p__Bacteroidota; c__Bacteroidia; o__Bacteroidales; f__Tannerellaceae; g__Tannerellaceae; s__uncultured_bacterium,Bacteria,Bacteroidota,Bacteroidia,Bacteroidales,Tannerellaceae,Tannerellaceae,Tannerellaceae uncultured_bacterium,NA
d__Bacteria; p__Desulfobacterota; c__Desulfovibrionia; o__Desulfovibrionales; f__Desulfovibrionaceae; g__Desulfovibrio,Bacteria,Desulfobacterota,Desulfovibrionia,Desulfovibrionales,Desulfovibrionaceae,Desulfovibrio,Unclassified  Desulfovibrio,NA
d__Bacteria; p__Bacteroidota; c__Bacteroidia; o__Bacteroidales; f__Rikenellaceae; g__Alistipes; s__Alistipes_sp.,Bacteria,Bacteroidota,Bacteroidia,Bacteroidales,Rikenellaceae,Alistipes,Alistipes Alistipes_sp.,NA
d__Bacteria; p__Proteobacteria; c__Gammaproteobacteria; o__Burkholderiales; f__Comamonadaceae; g__Comamonas,Bacteria,Proteobacteria,Gammaproteobacteria,Burkholderiales,Comamonadaceae,Comamonas,Unclassified  Comamonas,NA
d__Bacteria; p__Firmicutes; c__Clostridia; o__Peptostreptococcales-Tissierellales; f__Anaerovoracaceae; g__Family_XIII_AD3011_group; s__gut_metagenome,Bacteria,Firmicutes,Clostridia,Peptostreptococcales-Tissierellales,Anaerovoracaceae,Family_XIII_AD3011_group,Family_XIII_AD3011_group gut_metagenome,NA
d__Bacteria; p__Firmicutes; c__Clostridia; o__Peptostreptococcales-Tissierellales; f__Peptostreptococcales-Tissierellales; g__Finegoldia; s__uncultured_bacterium,Bacteria,Firmicutes,Clostridia,Peptostreptococcales-Tissierellales,Peptostreptococcales-Tissierellales,Finegoldia,Finegoldia uncultured_bacterium,NA
d__Bacteria; p__Bacteroidota; c__Bacteroidia; o__Bacteroidales; f__Barnesiellaceae; g__Coprobacter,Bacteria,Bacteroidota,Bacteroidia,Bacteroidales,Barnesiellaceae,Coprobacter,Unclassified  Coprobacter,NA
d__Bacteria; p__Bacteroidota; c__Bacteroidia; o__Bacteroidales; f__Porphyromonadaceae; g__Porphyromonas; s__Porphyromonas_asaccharolytica,Bacteria,Bacteroidota,Bacteroidia,Bacteroidales,Porphyromonadaceae,Porphyromonas,Porphyromonas Porphyromonas_asaccharolytica,NA
d__Bacteria; p__Firmicutes; c__Clostridia,Bacteria,Firmicutes,Clostridia,Unclassified Clostridia,Unclassified Clostridia,Unclassified Clostridia,Unclassified Clostridia,NA
d__Bacteria; p__Firmicutes; c__Clostridia; o__Lachnospirales; f__Lachnospiraceae; g__[Ruminococcus]_torques_group; s__uncultured_Clostridium,Bacteria,Firmicutes,Clostridia,Lachnospirales,Lachnospiraceae,[Ruminococcus]_torques_group,[Ruminococcus]_torques_group uncultured_Clostridium,NA
d__Bacteria; p__Actinobacteriota; c__Coriobacteriia; o__Coriobacteriales; f__Coriobacteriales_Incertae_Sedis; g__uncultured; s__uncultured_organism,Bacteria,Actinobacteriota,Coriobacteriia,Coriobacteriales,Coriobacteriales_Incertae_Sedis,uncultured,uncultured uncultured_organism,NA
d__Bacteria; p__Firmicutes; c__Bacilli; o__Erysipelotrichales; f__Erysipelatoclostridiaceae; g__Catenibacterium; s__uncultured_bacterium,Bacteria,Firmicutes,Bacilli,Erysipelotrichales,Erysipelatoclostridiaceae,Catenibacterium,Catenibacterium uncultured_bacterium,NA
d__Bacteria; p__Firmicutes; c__Clostridia; o__Lachnospirales; f__Lachnospiraceae; g__Lachnospiraceae_FCS020_group; s__uncultured_organism,Bacteria,Firmicutes,Clostridia,Lachnospirales,Lachnospiraceae,Lachnospiraceae_FCS020_group,Lachnospiraceae_FCS020_group uncultured_organism,NA
d__Bacteria; p__Actinobacteriota; c__Actinobacteria; o__Corynebacteriales; f__Corynebacteriaceae; g__Lawsonella,Bacteria,Actinobacteriota,Actinobacteria,Corynebacteriales,Corynebacteriaceae,Lawsonella,Unclassified  Lawsonella,NA
d__Bacteria; p__Bacteroidota; c__Bacteroidia; o__Bacteroidales; f__Prevotellaceae; g__Prevotella; s__Prevotella_colorans,Bacteria,Bacteroidota,Bacteroidia,Bacteroidales,Prevotellaceae,Prevotella,Prevotella Prevotella_colorans,NA
d__Bacteria; p__Bacteroidota; c__Bacteroidia; o__Bacteroidales; f__Prevotellaceae; g__Prevotella; s__uncultured_Bacteroidetes,Bacteria,Bacteroidota,Bacteroidia,Bacteroidales,Prevotellaceae,Prevotella,Prevotella uncultured_Bacteroidetes,NA
d__Bacteria; p__Proteobacteria; c__Gammaproteobacteria; o__Enterobacterales; f__Morganellaceae; g__Providencia,Bacteria,Proteobacteria,Gammaproteobacteria,Enterobacterales,Morganellaceae,Providencia,Unclassified  Providencia,NA
d__Bacteria; p__Firmicutes; c__Clostridia; o__Clostridia_vadinBB60_group; f__Clostridia_vadinBB60_group; g__Clostridia_vadinBB60_group,Bacteria,Firmicutes,Clostridia,Clostridia_vadinBB60_group,Clostridia_vadinBB60_group,Clostridia_vadinBB60_group,Unclassified  Clostridia_vadinBB60_group,NA
d__Bacteria; p__Bacteroidota; c__Bacteroidia; o__Bacteroidales; f__Barnesiellaceae; g__Coprobacter; s__Bacteroidales_bacterium,Bacteria,Bacteroidota,Bacteroidia,Bacteroidales,Barnesiellaceae,Coprobacter,Coprobacter Bacteroidales_bacterium,NA
d__Bacteria; p__Firmicutes; c__Clostridia; o__Lachnospirales; f__Lachnospiraceae; g__[Ruminococcus]_gauvreauii_group; s__bacterium_ic1296,Bacteria,Firmicutes,Clostridia,Lachnospirales,Lachnospiraceae,[Ruminococcus]_gauvreauii_group,[Ruminococcus]_gauvreauii_group bacterium_ic1296,NA
d__Bacteria; p__Firmicutes; c__Clostridia; o__Oscillospirales; f__Oscillospiraceae; g__UCG-002; s__uncultured_Firmicutes,Bacteria,Firmicutes,Clostridia,Oscillospirales,Oscillospiraceae,UCG-002,UCG-002 uncultured_Firmicutes,NA
d__Bacteria; p__Firmicutes; c__Clostridia; o__Oscillospirales; f__Oscillospiraceae; g__Intestinimonas; s__Intestinimonas_butyriciproducens,Bacteria,Firmicutes,Clostridia,Oscillospirales,Oscillospiraceae,Intestinimonas,Intestinimonas Intestinimonas_butyriciproducens,NA
d__Bacteria; p__Cyanobacteria; c__Vampirivibrionia; o__Gastranaerophilales; f__Gastranaerophilales; g__Gastranaerophilales; s__Acinetobacter_sp.,Bacteria,Cyanobacteria,Vampirivibrionia,Gastranaerophilales,Gastranaerophilales,Gastranaerophilales,Gastranaerophilales Acinetobacter_sp.,NA
d__Bacteria; p__Firmicutes; c__Clostridia; o__Clostridia_vadinBB60_group; f__Clostridia_vadinBB60_group; g__Clostridia_vadinBB60_group; s__uncultured_organism,Bacteria,Firmicutes,Clostridia,Clostridia_vadinBB60_group,Clostridia_vadinBB60_group,Clostridia_vadinBB60_group,Clostridia_vadinBB60_group uncultured_organism,NA
d__Bacteria; p__Firmicutes; c__Clostridia; o__Clostridia; f__Hungateiclostridiaceae,Bacteria,Firmicutes,Clostridia,Clostridia,Hungateiclostridiaceae,Unclassified Hungateiclostridiaceae,Unclassified Hungateiclostridiaceae,NA
d__Bacteria; p__Firmicutes; c__Bacilli; o__Erysipelotrichales; f__Erysipelotrichaceae; g__Faecalitalea; s__Faecalitalea_cylindroides,Bacteria,Firmicutes,Bacilli,Erysipelotrichales,Erysipelotrichaceae,Faecalitalea,Faecalitalea Faecalitalea_cylindroides,NA
d__Bacteria; p__Firmicutes; c__Bacilli; o__Erysipelotrichales; f__Erysipelatoclostridiaceae; g__Coprobacillus,Bacteria,Firmicutes,Bacilli,Erysipelotrichales,Erysipelatoclostridiaceae,Coprobacillus,Unclassified  Coprobacillus,NA
d__Bacteria; p__Firmicutes; c__Negativicutes; o__Veillonellales-Selenomonadales; f__Veillonellaceae; g__Dialister; s__Dialister_micraerophilus,Bacteria,Firmicutes,Negativicutes,Veillonellales-Selenomonadales,Veillonellaceae,Dialister,Dialister Dialister_micraerophilus,NA
d__Bacteria; p__Firmicutes; c__Clostridia; o__Oscillospirales; f__Oscillospiraceae; g__NK4A214_group; s__uncultured_bacterium,Bacteria,Firmicutes,Clostridia,Oscillospirales,Oscillospiraceae,NK4A214_group,NK4A214_group uncultured_bacterium,NA
d__Bacteria; p__Firmicutes; c__Clostridia; o__Oscillospirales; f__Oscillospiraceae; g__UCG-005; s__uncultured_organism,Bacteria,Firmicutes,Clostridia,Oscillospirales,Oscillospiraceae,UCG-005,UCG-005 uncultured_organism,NA
d__Bacteria; p__Firmicutes; c__Bacilli; o__Izemoplasmatales; f__Izemoplasmatales; g__Izemoplasmatales; s__gut_metagenome,Bacteria,Firmicutes,Bacilli,Izemoplasmatales,Izemoplasmatales,Izemoplasmatales,Izemoplasmatales gut_metagenome,NA
d__Bacteria; p__Firmicutes; c__Clostridia; o__Peptostreptococcales-Tissierellales; f__Anaerovoracaceae; g__S5-A14a,Bacteria,Firmicutes,Clostridia,Peptostreptococcales-Tissierellales,Anaerovoracaceae,S5-A14a,Unclassified  S5-A14a,NA
d__Bacteria; p__Firmicutes; c__Clostridia; o__Oscillospirales; f__Ruminococcaceae; g__Negativibacillus; s__uncultured_organism,Bacteria,Firmicutes,Clostridia,Oscillospirales,Ruminococcaceae,Negativibacillus,Negativibacillus uncultured_organism,NA
d__Bacteria; p__Firmicutes; c__Clostridia; o__Peptostreptococcales-Tissierellales; f__Peptostreptococcales-Tissierellales; g__Peptoniphilus; s__Peptoniphilus_lacrimalis,Bacteria,Firmicutes,Clostridia,Peptostreptococcales-Tissierellales,Peptostreptococcales-Tissierellales,Peptoniphilus,Peptoniphilus Peptoniphilus_lacrimalis,NA
d__Bacteria; p__Firmicutes; c__Clostridia; o__Oscillospirales; f__UCG-010; g__UCG-010; s__metagenome,Bacteria,Firmicutes,Clostridia,Oscillospirales,UCG-010,UCG-010,UCG-010 metagenome,NA
d__Bacteria; p__Firmicutes; c__Clostridia; o__Peptostreptococcales-Tissierellales; f__Peptostreptococcales-Tissierellales; g__Ezakiella,Bacteria,Firmicutes,Clostridia,Peptostreptococcales-Tissierellales,Peptostreptococcales-Tissierellales,Ezakiella,Unclassified  Ezakiella,NA
d__Bacteria; p__Firmicutes; c__Clostridia; o__Lachnospirales; f__Lachnospiraceae; g__Lachnoclostridium; s__human_gut,Bacteria,Firmicutes,Clostridia,Lachnospirales,Lachnospiraceae,Lachnoclostridium,Lachnoclostridium human_gut,NA
d__Bacteria; p__Desulfobacterota; c__Desulfovibrionia; o__Desulfovibrionales; f__Desulfovibrionaceae; g__Desulfovibrio; s__bacterium,Bacteria,Desulfobacterota,Desulfovibrionia,Desulfovibrionales,Desulfovibrionaceae,Desulfovibrio,Desulfovibrio bacterium,NA
d__Bacteria; p__Firmicutes; c__Clostridia; o__Lachnospirales; f__Lachnospiraceae; g__Sellimonas; s__Sellimonas_intestinalis,Bacteria,Firmicutes,Clostridia,Lachnospirales,Lachnospiraceae,Sellimonas,Sellimonas Sellimonas_intestinalis,NA
d__Bacteria; p__Actinobacteriota; c__Coriobacteriia; o__Coriobacteriales; f__Eggerthellaceae; g__Enterorhabdus; s__uncultured_bacterium,Bacteria,Actinobacteriota,Coriobacteriia,Coriobacteriales,Eggerthellaceae,Enterorhabdus,Enterorhabdus uncultured_bacterium,NA
d__Bacteria; p__Bacteroidota; c__Bacteroidia; o__Bacteroidales; f__Marinifilaceae; g__Odoribacter; s__Odoribacter_laneus,Bacteria,Bacteroidota,Bacteroidia,Bacteroidales,Marinifilaceae,Odoribacter,Odoribacter Odoribacter_laneus,NA
d__Bacteria; p__Firmicutes; c__Clostridia; o__Oscillospirales; f__Oscillospiraceae; g__UCG-005; s__uncultured_bacterium,Bacteria,Firmicutes,Clostridia,Oscillospirales,Oscillospiraceae,UCG-005,UCG-005 uncultured_bacterium,NA
d__Bacteria; p__Firmicutes; c__Clostridia; o__Oscillospirales; f__Oscillospiraceae; g__Oscillibacter; s__uncultured_bacterium,Bacteria,Firmicutes,Clostridia,Oscillospirales,Oscillospiraceae,Oscillibacter,Oscillibacter uncultured_bacterium,NA
d__Bacteria; p__Bacteroidota; c__Bacteroidia; o__Bacteroidales; f__Marinifilaceae,Bacteria,Bacteroidota,Bacteroidia,Bacteroidales,Marinifilaceae,Unclassified Marinifilaceae,Unclassified Marinifilaceae,NA
d__Bacteria; p__Firmicutes; c__Bacilli; o__Erysipelotrichales; f__Erysipelotrichaceae; g__[Clostridium]_innocuum_group,Bacteria,Firmicutes,Bacilli,Erysipelotrichales,Erysipelotrichaceae,[Clostridium]_innocuum_group,Unclassified  [Clostridium]_innocuum_group,NA
d__Bacteria; p__Firmicutes; c__Clostridia; o__Oscillospirales; f__Oscillospiraceae; g__uncultured; s__Intestinimonas_sp.,Bacteria,Firmicutes,Clostridia,Oscillospirales,Oscillospiraceae,uncultured,uncultured Intestinimonas_sp.,NA
d__Bacteria; p__Actinobacteriota; c__Coriobacteriia; o__Coriobacteriales; f__uncultured; g__uncultured; s__uncultured_bacterium,Bacteria,Actinobacteriota,Coriobacteriia,Coriobacteriales,uncultured,uncultured,uncultured uncultured_bacterium,NA
d__Bacteria; p__Actinobacteriota; c__Coriobacteriia; o__Coriobacteriales; f__Atopobiaceae; g__Olsenella; s__metagenome,Bacteria,Actinobacteriota,Coriobacteriia,Coriobacteriales,Atopobiaceae,Olsenella,Olsenella metagenome,NA
d__Bacteria; p__Firmicutes; c__Incertae_Sedis; o__DTU014; f__DTU014; g__DTU014; s__unidentified,Bacteria,Firmicutes,Incertae_Sedis,DTU014,DTU014,DTU014,DTU014 unidentified,NA
d__Bacteria; p__Actinobacteriota; c__Actinobacteria; o__Corynebacteriales; f__Corynebacteriaceae,Bacteria,Actinobacteriota,Actinobacteria,Corynebacteriales,Corynebacteriaceae,Unclassified Corynebacteriaceae,Unclassified Corynebacteriaceae,NA
d__Bacteria; p__Bacteroidota; c__Bacteroidia; o__Bacteroidales; f__Prevotellaceae; g__Prevotella; s__Prevotella_disiens,Bacteria,Bacteroidota,Bacteroidia,Bacteroidales,Prevotellaceae,Prevotella,Prevotella Prevotella_disiens,NA
d__Bacteria; p__Firmicutes; c__Clostridia; o__Lachnospirales; f__Lachnospiraceae; g__Frisingicoccus,Bacteria,Firmicutes,Clostridia,Lachnospirales,Lachnospiraceae,Frisingicoccus,Unclassified  Frisingicoccus,NA
d__Bacteria; p__Actinobacteriota; c__Coriobacteriia; o__Coriobacteriales; f__Eggerthellaceae; g__uncultured,Bacteria,Actinobacteriota,Coriobacteriia,Coriobacteriales,Eggerthellaceae,uncultured,Unclassified  uncultured,NA
d__Bacteria; p__Bacteroidota; c__Bacteroidia; o__Bacteroidales; f__Prevotellaceae; g__Prevotella; s__uncultured_Wautersiella,Bacteria,Bacteroidota,Bacteroidia,Bacteroidales,Prevotellaceae,Prevotella,Prevotella uncultured_Wautersiella,NA
d__Bacteria; p__Firmicutes; c__Clostridia; o__Lachnospirales; f__Lachnospiraceae; g__UC5-1-2E3,Bacteria,Firmicutes,Clostridia,Lachnospirales,Lachnospiraceae,UC5-1-2E3,Unclassified  UC5-1-2E3,NA
d__Bacteria; p__Actinobacteriota; c__Coriobacteriia; o__Coriobacteriales; f__Eggerthellaceae; g__Gordonibacter,Bacteria,Actinobacteriota,Coriobacteriia,Coriobacteriales,Eggerthellaceae,Gordonibacter,Unclassified  Gordonibacter,NA
d__Bacteria; p__Firmicutes; c__Negativicutes; o__Acidaminococcales; f__Acidaminococcaceae; g__Acidaminococcus,Bacteria,Firmicutes,Negativicutes,Acidaminococcales,Acidaminococcaceae,Acidaminococcus,Unclassified  Acidaminococcus,NA
d__Bacteria; p__Firmicutes; c__Clostridia; o__Lachnospirales; f__Lachnospiraceae; g__Anaerosporobacter,Bacteria,Firmicutes,Clostridia,Lachnospirales,Lachnospiraceae,Anaerosporobacter,Unclassified  Anaerosporobacter,NA
d__Bacteria; p__Firmicutes; c__Clostridia; o__Oscillospirales; f__Ruminococcaceae; g__Faecalibacterium; s__uncultured_bacterium,Bacteria,Firmicutes,Clostridia,Oscillospirales,Ruminococcaceae,Faecalibacterium,Faecalibacterium uncultured_bacterium,NA
d__Bacteria; p__Firmicutes; c__Clostridia; o__Lachnospirales; f__Lachnospiraceae; g__[Eubacterium]_ventriosum_group; s__uncultured_Lachnospiraceae,Bacteria,Firmicutes,Clostridia,Lachnospirales,Lachnospiraceae,[Eubacterium]_ventriosum_group,[Eubacterium]_ventriosum_group uncultured_Lachnospiraceae,NA
d__Bacteria; p__Firmicutes; c__Clostridia; o__Oscillospirales; f__Ruminococcaceae; g__Ruminococcus; s__Clostridiaceae_bacterium,Bacteria,Firmicutes,Clostridia,Oscillospirales,Ruminococcaceae,Ruminococcus,Ruminococcus Clostridiaceae_bacterium,NA
d__Bacteria; p__Firmicutes; c__Clostridia; o__Oscillospirales; f__Ruminococcaceae; g__uncultured; s__uncultured_bacterium,Bacteria,Firmicutes,Clostridia,Oscillospirales,Ruminococcaceae,uncultured,uncultured uncultured_bacterium,NA
d__Bacteria; p__Campilobacterota; c__Campylobacteria; o__Campylobacterales; f__Campylobacteraceae; g__Campylobacter; s__Campylobacter_hominis,Bacteria,Campilobacterota,Campylobacteria,Campylobacterales,Campylobacteraceae,Campylobacter,Campylobacter Campylobacter_hominis,NA
d__Bacteria; p__Actinobacteriota; c__Actinobacteria; o__Actinomycetales; f__Actinomycetaceae; g__Varibaculum; s__Varibaculum_anthropi,Bacteria,Actinobacteriota,Actinobacteria,Actinomycetales,Actinomycetaceae,Varibaculum,Varibaculum Varibaculum_anthropi,NA
d__Bacteria; p__Firmicutes; c__Clostridia; o__Peptostreptococcales-Tissierellales; f__Peptostreptococcales-Tissierellales; g__Anaerococcus; s__Anaerococcus_octavius,Bacteria,Firmicutes,Clostridia,Peptostreptococcales-Tissierellales,Peptostreptococcales-Tissierellales,Anaerococcus,Anaerococcus Anaerococcus_octavius,NA
d__Bacteria; p__Firmicutes; c__Bacilli; o__Erysipelotrichales; f__Erysipelotrichaceae; g__Faecalitalea; s__Absiella_dolichum,Bacteria,Firmicutes,Bacilli,Erysipelotrichales,Erysipelotrichaceae,Faecalitalea,Faecalitalea Absiella_dolichum,NA
d__Bacteria; p__Firmicutes; c__Clostridia; o__Peptostreptococcales-Tissierellales; f__Anaerovoracaceae; g__[Eubacterium]_nodatum_group,Bacteria,Firmicutes,Clostridia,Peptostreptococcales-Tissierellales,Anaerovoracaceae,[Eubacterium]_nodatum_group,Unclassified  [Eubacterium]_nodatum_group,NA
d__Bacteria; p__Firmicutes; c__Clostridia; o__Clostridia; f__Hungateiclostridiaceae; g__Ruminiclostridium; s__uncultured_organism,Bacteria,Firmicutes,Clostridia,Clostridia,Hungateiclostridiaceae,Ruminiclostridium,Ruminiclostridium uncultured_organism,NA
d__Bacteria; p__Firmicutes; c__Clostridia; o__Clostridia_vadinBB60_group; f__Clostridia_vadinBB60_group; g__Clostridia_vadinBB60_group; s__metagenome,Bacteria,Firmicutes,Clostridia,Clostridia_vadinBB60_group,Clostridia_vadinBB60_group,Clostridia_vadinBB60_group,Clostridia_vadinBB60_group metagenome,NA
d__Bacteria; p__Firmicutes; c__Clostridia; o__Lachnospirales; f__Lachnospiraceae; g__uncultured; s__uncultured_Eubacterium,Bacteria,Firmicutes,Clostridia,Lachnospirales,Lachnospiraceae,uncultured,uncultured uncultured_Eubacterium,NA
d__Bacteria; p__Firmicutes; c__Clostridia; o__Oscillospirales; f__UCG-010; g__UCG-010; s__unidentified,Bacteria,Firmicutes,Clostridia,Oscillospirales,UCG-010,UCG-010,UCG-010 unidentified,NA
d__Bacteria; p__Firmicutes; c__Clostridia; o__Peptococcales; f__Peptococcaceae; g__uncultured; s__unidentified,Bacteria,Firmicutes,Clostridia,Peptococcales,Peptococcaceae,uncultured,uncultured unidentified,NA
d__Bacteria; p__Synergistota; c__Synergistia; o__Synergistales; f__Synergistaceae; g__Jonquetella; s__Jonquetella_anthropi,Bacteria,Synergistota,Synergistia,Synergistales,Synergistaceae,Jonquetella,Jonquetella Jonquetella_anthropi,NA
d__Bacteria; p__Firmicutes; c__Clostridia; o__Oscillospirales; f__Ruminococcaceae; g__Anaerotruncus,Bacteria,Firmicutes,Clostridia,Oscillospirales,Ruminococcaceae,Anaerotruncus,Unclassified  Anaerotruncus,NA
d__Bacteria; p__Firmicutes; c__Clostridia; o__Clostridia_vadinBB60_group; f__Clostridia_vadinBB60_group; g__Clostridia_vadinBB60_group; s__gut_metagenome,Bacteria,Firmicutes,Clostridia,Clostridia_vadinBB60_group,Clostridia_vadinBB60_group,Clostridia_vadinBB60_group,Clostridia_vadinBB60_group gut_metagenome,NA
d__Bacteria; p__Firmicutes; c__Clostridia; o__Oscillospirales; f__Ruminococcaceae; g__Fournierella; s__uncultured_bacterium,Bacteria,Firmicutes,Clostridia,Oscillospirales,Ruminococcaceae,Fournierella,Fournierella uncultured_bacterium,NA
d__Bacteria; p__Firmicutes; c__Bacilli; o__Lactobacillales; f__Streptococcaceae; g__Lactococcus,Bacteria,Firmicutes,Bacilli,Lactobacillales,Streptococcaceae,Lactococcus,Unclassified  Lactococcus,NA
